Date,Daily_mean_Qnet_W_m2,Daily_mean_S_W_m2,Daily_max_St_J_m2,Daily_mean_St_J_m2,Daily_max_DeltaT_C,Daily_mean_DeltaT_C,Daytime_net_heat_MJ_m2,Daytime_mean_Qnet_W_m2,Nighttime_mean_Qnet_W_m2,Season,Regime
2024-01-01,25.125518133935984,12.112135653388286,0.0204667260639746,0.006773243791780857,0.151376409,0.04750602961805555,4.980036381645399,138.33434393459441,-55.73792886653433,Winter,Near-isothermal mixing
2024-01-02,-22.33155468189197,-3.5150794310072713,0.0085918985227593,0.00027739415947090396,0.0540498119999997,0.00019584779166667958,0.2441864192282395,7.139953778603495,-41.64047401807865,Winter,Near-isothermal mixing
2024-01-03,39.694339816688135,33.02133524131444,0.0367993416655909,0.013566422634638593,0.2293915249999996,0.087256096375,6.065945260530909,174.30877185433647,-51.09213760405144,Winter,Near-isothermal mixing
2024-01-04,29.568051360062082,4.472571975914071,0.0299692283092386,0.00875220786851391,0.1734797449999998,0.05442654104166663,5.393611392218948,149.82253867274855,-56.32801100614254,Winter,Near-isothermal mixing
2024-01-05,38.63192857667434,22.045062329711875,0.0279146576363669,0.010659376676688061,0.1592710190000001,0.059226777736111055,5.627499077233204,158.96890048681368,-44.89608721977531,Winter,Near-isothermal mixing
2024-01-06,49.203383708000814,26.274654775652692,0.0389991680776267,0.013756917416625608,0.2215262180000001,0.07606311916666667,6.194580061266967,178.00517417433812,-37.66294009487783,Winter,Near-isothermal mixing
2024-01-07,30.175566914842065,35.57398346192807,0.0397436618428491,0.022832200912905172,0.2448305050000003,0.1223588094861111,4.936823496575812,139.45829086372353,-45.67950029673447,Winter,Near-isothermal mixing
2024-01-08,18.672217825142255,33.59225731081985,0.0401109154846417,0.018430396145898226,0.2083218510000009,0.08875497023611115,4.36501787838391,123.30558978485624,-53.9556521233651,Winter,Near-isothermal mixing
2024-01-09,32.74113733172796,8.125312120240975,0.0315186247168722,0.010980606807611626,0.1483538640000006,0.04627028888194448,5.471656990983267,149.4988248902532,-53.06872942815204,Winter,Near-isothermal mixing
2024-01-10,9.825120433602365,-13.058973970263509,0.0359733704583823,0.008958763327699633,0.1656370540000011,0.04008765752777787,4.8549806141250755,132.64974355532993,-80.44357848718538,Winter,Near-isothermal mixing
2024-01-11,34.6429500698,9.966738886280261,0.0471329370460179,0.019017256069116265,0.2416830930000006,0.0916966044861111,6.162107809323746,168.3636013476433,-63.63367315849448,Winter,Near-isothermal mixing
2024-01-12,50.08616919122902,12.569609701662772,0.0496545960271808,0.018849410918388914,0.2391049499999997,0.0885521818888889,6.458037450957001,176.4491106818853,-42.78298057901232,Winter,Near-isothermal mixing
2024-01-13,61.732473273814826,23.883085424370577,0.0513932504758997,0.022015980291537555,0.2205908350000012,0.10157399382638896,6.865517444851346,187.58244384839742,-30.75967377497478,Winter,Near-isothermal mixing
2024-01-14,6.794505743762785,28.17703340180218,0.1003395284023651,0.04593336622326066,0.5044482289999994,0.22368954006944441,2.771853411454312,81.04834536416116,-41.854561593739604,Winter,Transition/unclassified
2024-01-15,-38.59808910838141,-9.023100812141612,0.0520664966868722,0.0022212361279677958,0.2070694730000006,0.0006092864930555933,0.4897181579233124,14.574945176289061,-72.43547456226263,Winter,Near-isothermal mixing
2024-01-16,-47.79212595637443,-32.02266220326294,0.0039146293521287,-0.004153884073377583,0.0121130520000001,-0.026735494395833323,-0.6069737773197877,-18.06469575356511,-66.70958153998036,Winter,Near-isothermal mixing
2024-01-17,-32.297393113407736,-20.883700263822035,0.001785093305649,-0.010418327264791756,-0.0040862179999994,-0.06804303138888884,0.019548686640393866,0.6033545259380827,-52.03784169701523,Winter,Near-isothermal mixing
2024-01-18,-54.40834793970396,-49.738033022089624,0.0138549788734016,0.0001222473957716466,0.061504382999999,-0.008570354513888935,-0.9051674634267325,-29.580636059697138,-68.02354477712704,Winter,Near-isothermal mixing
2024-01-19,-60.21267118469676,-47.03844795367146,0.0136922660912225,0.003311442600148487,0.0542255880000004,0.011491985298610981,-0.9457870418062173,-30.31368723737876,-77.11209689405041,Winter,Near-isothermal mixing
2024-01-20,-52.667715526532064,-52.413473583820654,0.0167893281175298,0.003908476211536531,0.082903473,0.014746183194444436,0.535147176850013,15.117151888418446,-99.71838820279184,Winter,Near-isothermal mixing
2024-01-21,-30.558308280802944,-37.77785346225697,0.0565350434674343,0.009485664509028185,0.3422334600000001,0.05106328811805552,3.5558859740055246,97.15535448102526,-124.42015681660439,Winter,Near-isothermal mixing
2024-01-22,-116.87323957718905,-116.08639718359284,0.0139380992008852,0.0024264414951142414,0.0653045749999998,0.0002403879722222196,-1.7100646032428832,-45.96947858179793,-170.4834003298018,Winter,Near-isothermal mixing
2024-01-23,-59.86698643938207,-87.64433322883279,0.0160239113759729,-0.0002497224912728603,0.1674264190000007,-0.03479275137499997,1.9715718792436938,52.99924406569069,-145.20486804077854,Winter,Near-isothermal mixing
2024-01-24,-14.965915884671773,-12.4928638418143,0.0118725971119673,-0.010755076095444328,0.171210909,-0.19287252947916667,3.294679938917613,88.56666502466702,-93.24664779173281,Winter,Transition/unclassified
2024-01-25,12.731520949975925,-11.424527993623204,0.0120451133380194,-0.0031859468126015154,0.1662067380000005,-0.06993057438888889,4.966555793073106,133.5095643299222,-78.58846306900784,Winter,Near-isothermal mixing
2024-01-26,-11.478165128819292,5.1304333807701346,0.007894414148152,-0.0003436393009450675,0.0966403849999997,-0.016545227222222226,2.089221484144682,58.03393011513005,-61.12966173164025,Winter,Near-isothermal mixing
2024-01-27,28.780309982640787,24.074941588828462,0.0159970210250247,0.003162898504078323,0.1975650940000006,0.03712296861805554,5.77821642643108,152.86286842410266,-67.72834658294065,Winter,Near-isothermal mixing
2024-01-28,25.071803746847436,4.6649676934788324,0.0143042117527238,0.002702735061498637,0.1667068269999996,0.026099255020833344,5.31156977064337,142.7841336194454,-63.93020176658031,Winter,Near-isothermal mixing
2024-01-29,35.9023698886653,49.941916485493316,0.0258626915525695,0.007524316770266144,0.2473108719999999,0.0730332236666667,5.054302400610141,142.7769039720379,-38.28113023979333,Winter,Near-isothermal mixing
2024-01-30,35.11129541719864,41.027415979394725,0.0514926774475822,0.02311339252248982,0.4859717509999992,0.2106289892708333,3.9088226812905376,114.29306085644848,-16.766412974034015,Winter,Transition/unclassified
2024-01-31,15.028585169946872,48.54201010706921,0.1728803621778391,0.10648740619682329,1.2048727479999997,0.8531127712430556,1.724502784494292,52.257660136190665,-7.978146550765581,Winter,Transition/unclassified
2024-02-01,-76.15445335026354,10.625005261567592,0.2352237513359134,0.14386060342238924,1.3091732919999997,0.7727047536805556,-1.9371760148358736,-62.088974834483125,-84.10450642440028,Winter,Transition/unclassified
2024-02-02,-90.83957537552403,-82.75305102285981,0.0131245023915388,0.004374424601061749,0.0743197630000001,0.029601646631944405,-1.6296684944876074,-51.24743693357256,-113.89873292962766,Winter,Near-isothermal mixing
2024-02-03,-54.067659584334336,-98.43357744699793,0.0184647823609262,0.004388883864070746,0.1576857270000005,0.03800408659027772,-0.893813173530998,-27.58682634354932,-69.95615952880534,Winter,Near-isothermal mixing
2024-02-04,-47.711341235692856,-75.12979005389329,0.0151498744870306,0.003414252311611409,0.191676417,0.0489342052708333,-0.6051399975292499,-17.389080388771546,-68.1612380859421,Winter,Near-isothermal mixing
2024-02-05,-37.16772668959012,-23.02530400917132,0.0041904672504279,0.0012870775493001368,0.0762691879999994,0.026352241812500014,0.27959412524544813,7.898139131227348,-68.44873943580458,Winter,Near-isothermal mixing
2024-02-06,-48.74470026297499,-52.72315157404609,0.0064500970370221,0.0017065895350256836,0.1981048040000006,0.05297417311111105,-0.7689470293837846,-23.73293300567236,-63.75176061735656,Winter,Near-isothermal mixing
2024-02-07,-8.426718905133928,20.888697138830018,0.009276879290702,0.003048416999242416,0.3038142090000004,0.11564609949305552,2.5364353718274297,68.1837465545008,-66.35170498436995,Winter,Near-isothermal mixing
2024-02-08,31.517444210432814,23.886427775361764,0.0149918202468094,0.005260721763147121,0.3568064929999996,0.1487630850763889,6.080312556858238,155.90545017585225,-70.827117659849,Winter,Near-isothermal mixing
2024-02-09,48.21873167840222,34.08162992811167,0.0277998763770025,0.00861233329726793,0.5377767819999999,0.18204282422916662,7.259489014328394,186.1407439571383,-65.26140500663378,Winter,Near-isothermal mixing
2024-02-10,75.04586112041706,36.265385035101275,0.027188913986686,0.012013157108580818,0.4015763210000003,0.20989712261805554,8.94498704769593,229.35864224861362,-51.920351200251,Winter,Transition/unclassified
2024-02-11,76.40360179845892,48.11272056347268,0.0550419577396292,0.030633164498500485,0.6554823259999996,0.4185991267569445,9.059807768010737,232.3027632823266,-51.86786018193851,Winter,Persistent stratification
2024-02-12,96.97713429914938,48.00944169288639,0.0832793442256922,0.05625018597326194,0.8222865290000003,0.6188852294027778,9.600383487512502,250.00998665397142,-25.44914758470825,Winter,Persistent stratification
2024-02-13,120.85206629863654,52.25736108933334,0.1383729499633176,0.10067719929578223,1.1088908479999997,0.8783108040902777,10.573070802347093,275.3403854777889,-2.7385890446853347,Winter,Persistent stratification
2024-02-14,112.04430020253858,58.98487164440841,0.2386225898413033,0.15876812969504123,1.6890188230000005,1.1667262350347223,8.685527508559142,219.33150274139246,21.26282113120068,Winter,Persistent stratification
2024-02-15,31.437276615088454,68.2844075732185,0.5238369687939672,0.3958799084328359,2.9707290520000003,2.437859954854167,4.0377191026060295,105.1489349636987,-27.532050063799737,Winter,Persistent stratification
2024-02-16,56.67698582941703,39.846657599358025,0.5265864185522625,0.4405438190144927,2.707519626999999,2.3994766270416665,7.643461887125692,195.98620223399212,-57.944521338904245,Winter,Persistent stratification
2024-02-17,88.52024320711607,39.744739817539745,0.5370777632993802,0.4879503100764201,2.4695544490000003,2.350403161548611,8.447587822944117,219.98926622250306,-16.654975205193505,Winter,Persistent stratification
2024-02-18,123.32759354102177,48.26289359937128,0.6870601078081561,0.5514692388851451,2.924205414,2.434212862347222,8.5296999595659,222.1276031136953,44.287585882882965,Winter,Persistent stratification
2024-02-19,37.32588599119938,74.69492553008116,1.1303150569186238,0.8902929748280761,3.7249670350000006,3.370031423951389,3.951989495455902,104.54998665227254,-14.95952563407975,Winter,Persistent stratification
2024-02-20,-96.56536072279211,-7.502217407239834,1.1144107144036084,0.8253719432193044,3.553020243999999,2.380977617541667,-2.1823175272433715,-66.13083415889005,-115.37321421733833,Winter,Persistent stratification
2024-02-21,-145.11374894400254,-136.82609778599124,0.4846576612671399,0.12778864724396885,1.457851764,0.4647616069166667,-4.343659561802443,-122.7022475085436,-160.66996758743872,Winter,Near-isothermal mixing
2024-02-22,-92.51383451955662,-210.79765340427815,0.0221324141552676,0.00736142930412071,0.1355351090000001,0.04498901312499995,-1.2620541960829927,-34.482355084234776,-135.16347603226305,Winter,Near-isothermal mixing
2024-02-23,-75.12876719860982,-80.86168645554481,0.0159109775687224,0.004462456785451631,0.1024885170000002,0.041018816937500015,-0.9928510610677312,-27.127078171249487,-110.40711696570598,Winter,Near-isothermal mixing
2024-02-24,-41.0122052947718,-41.92399777973795,0.0092827059703694,0.00354562921251256,0.1369670909999998,0.04594691939583329,0.8298299059414789,22.67294824976718,-87.81695669497516,Winter,Near-isothermal mixing
2024-02-25,11.228578698822922,9.036015849399243,0.0203155773711858,0.00904470969271295,0.3038445269999998,0.13935112419444443,4.523806753130255,114.23754427096604,-75.9328537083751,Winter,Near-isothermal mixing
2024-02-26,-3.9827333003919767,26.986283848001104,0.0175602437247209,0.007731694263195714,0.2134745800000006,0.1093420541180555,2.7851497455123497,72.52994128938411,-65.19287297221284,Winter,Near-isothermal mixing
2024-02-27,52.05960000552817,27.921906760686284,0.0327897706288246,0.015500758256640039,0.3714147300000006,0.1859091439861111,7.318068771152845,184.79971644325366,-60.258960057162625,Winter,Transition/unclassified
2024-02-28,-5.0702837247340735,24.541392580557233,0.0298600880444104,0.023645081632862792,0.3425446839999999,0.28228349050694446,1.512052977142409,40.00140151170394,-40.126038908630306,Winter,Transition/unclassified
2024-02-29,-1.4276418465751752,26.237342470782913,0.0329864298242642,0.02432839140369945,0.370263907,0.27133012560416664,2.3663981400874765,62.60312539913959,-51.229349704353325,Winter,Transition/unclassified
2024-03-01,5.814095189332961,12.301787855557718,0.0298958619852453,0.008539028913397674,0.2053475869999994,0.07779605547916663,2.93627576425327,74.14837788518359,-52.007220937925254,Spring,Transition/unclassified
2024-03-02,93.02650194651937,36.26210281245427,0.0709658641560631,0.028152261865627463,0.6081528120000002,0.2383334128472223,10.496016756590743,261.0949441937996,-53.21486987903614,Spring,Transition/unclassified
2024-03-03,76.07456065146327,51.296071506493234,0.1211692718500884,0.08430242461714482,0.8854596670000001,0.639021104,8.267646335637677,205.66284417009143,-36.68407565695345,Spring,Persistent stratification
2024-03-04,14.637854720145546,19.439265094712827,0.1261484042840928,0.11643093495142504,0.8731345570000002,0.8068737023472222,1.6657687462997295,45.512807275948894,-8.053375471468966,Spring,Persistent stratification
2024-03-05,15.396885107087598,22.167011689753792,0.1440422442623622,0.12388692280861949,0.95992398,0.8272722832569444,2.049614029677081,52.55420588915592,-15.175594017398991,Spring,Persistent stratification
2024-03-06,47.267466052226574,42.99859505389541,0.2329333195856054,0.174865938256002,1.426989593,1.0883296474097224,5.4810242792431865,136.34388754336285,-30.240589011489398,Spring,Persistent stratification
2024-03-07,88.44225943743655,57.33086224927583,0.4216491917007371,0.2934957541388179,1.9939254890000004,1.511542936574627,8.643658803776527,248.38100010852088,-33.61625317996995,Spring,Persistent stratification
2024-03-08,89.91593976420204,70.34212321307527,0.6106006847278957,0.4846735888177144,2.533507029999999,2.1085642327430554,10.082431176236993,243.53698493326067,-51.41542179133194,Spring,Persistent stratification
2024-03-09,29.908028998670165,42.544691544500246,0.7258341594928616,0.6551213099179376,2.7626091410000004,2.5648476375416664,5.241508333792059,126.60648149256183,-59.05454729571016,Spring,Persistent stratification
2024-03-10,103.73475598217586,54.348067856232845,0.8106182236342389,0.7299065997924223,2.8843438690000003,2.562531644736111,10.941032464372926,268.1625604012972,-43.3848584980906,Spring,Persistent stratification
2024-03-11,137.0595737111706,78.00037495167943,1.2098826959352278,0.9506272394830712,3.489271205,2.9698935700347224,13.172727327130984,318.1818194959175,-29.572892410796552,Spring,Persistent stratification
2024-03-12,111.64064086547849,76.61436032887791,1.5134775412303745,1.3147050588854523,4.056343507999999,3.7208339486249997,11.565645928606829,279.3634282272181,-42.66432350732193,Spring,Persistent stratification
2024-03-13,39.053971701905795,47.02455679954892,1.7240971374951404,1.5724976000209905,4.482433384,4.186430190111111,5.32866857810231,130.60462201231152,-42.85976804950986,Spring,Persistent stratification
2024-03-14,116.69614498950197,60.46915673131779,1.958825994898791,1.7904659288566482,4.652518324000001,4.436411250381944,10.949451721833181,260.70123147221864,-19.524882764419182,Spring,Persistent stratification
2024-03-15,134.99639298385242,75.48383827180359,2.358658121550794,2.1255662175648684,5.266486421,4.939928530576389,12.261977389707596,296.18302873689845,-13.295311908949897,Spring,Persistent stratification
2024-03-16,81.19994040258732,44.49456012140408,2.552003024214136,2.435251691424983,5.598887749999999,5.416124834104167,6.746432990739061,167.82171618753884,5.827745888408731,Spring,Persistent stratification
2024-03-17,-5.275849100423836,18.272429089065366,2.764706713751834,2.621555304281657,6.071847740000001,5.753248056736111,0.8355027509220113,21.757884138594044,-26.902835691638142,Spring,Persistent stratification
2024-03-18,-41.44918807009401,-21.725088341386506,2.620806148281273,2.3131608568786977,5.6728372700000005,4.734428842638889,-0.057955536130010234,-1.5092587533856834,-73.40113152346068,Spring,Persistent stratification
2024-03-19,117.91978430743217,40.206154773010425,2.148815857733613,1.9160592176315012,3.8811095999999994,3.542901129027778,13.183197742815182,309.46473574683523,-68.37736024322015,Spring,Persistent stratification
2024-03-20,133.50401756330564,66.01239235035351,2.3329068251007743,2.1172773124685897,4.26401147,3.913024047152778,14.06593706961705,330.1863161881937,-57.78972493487312,Spring,Persistent stratification
2024-03-21,108.26179943316936,76.53103914051971,2.884251110212499,2.483615511481093,5.28812774,4.506195032430556,12.137368076909306,284.9147435894203,-63.55133803386927,Spring,Persistent stratification
2024-03-22,128.82537088714528,38.14802098406651,2.8577716862118168,2.730321825340688,5.13559933,4.728090320138889,11.901805531580553,300.55064473688265,-16.480630062632475,Spring,Persistent stratification
2024-03-23,154.5527871406922,53.326342461587934,3.2134149752640297,3.003421847097658,5.57909654,5.191632990833334,11.793798529748189,276.84973074526266,35.60644473076756,Spring,Persistent stratification
2024-03-24,65.92819998039887,44.2218660971719,3.481989527049742,3.2740904302862885,6.090543889999999,5.692383481458333,6.322362045076649,152.71405905982246,-13.914790372670826,Spring,Persistent stratification
2024-03-25,-45.85105484410419,-10.728013267228727,3.689568196701173,3.3285312809180683,6.6018811,5.491262120138889,0.4075346132208208,9.566540216451193,-99.75035962902791,Spring,Persistent stratification
2024-03-26,118.76147557022935,32.81359142388148,2.9938304917966057,2.6433273224396348,4.517015430000001,4.128047639166667,13.552533837299043,313.716061048589,-76.19310990813024,Spring,Persistent stratification
2024-03-27,-20.024400005432522,-4.504032396637593,2.8643813972831973,2.721578593653451,4.649638190000001,4.309998769097223,0.505709707406078,12.215210323818308,-49.68484150834328,Spring,Persistent stratification
2024-03-28,133.8373236738661,44.099572800689,2.7491878536253798,2.557529772839589,4.302673229999998,3.9684628288194443,12.826980072835985,314.3867664910781,-27.706914636270874,Spring,Persistent stratification
2024-03-29,208.36425668366138,82.50574139784263,3.3680399191682664,3.001095033314171,5.26362001,4.716215393819445,18.932617881732476,432.2515498112437,-21.82972075737401,Spring,Persistent stratification
2024-03-30,210.30467644644963,88.30576534368926,4.15238896793144,3.721518613955766,6.307667890000001,5.754284082222223,17.948384095519444,415.47185406295006,5.137498829949208,Spring,Persistent stratification
2024-03-31,199.94491683839567,83.02820560543522,4.954736191569065,4.515295901720134,7.38849948,6.813495764375,17.33743417602704,401.32949481544074,-1.4396611386493925,Spring,Persistent stratification
2024-04-01,64.19829312677314,46.53759357061754,5.413367093234344,5.0614400387007485,8.085151500000002,7.590757497916666,6.794604110294866,161.77628834035397,-28.105215859046563,Spring,Persistent stratification
2024-04-02,6.912187513890213,-8.45958025779161,5.36578749087453,5.1965205926411615,8.052495949999999,7.733086229513889,2.483492599770872,67.85498906477793,-37.87710037290678,Spring,Persistent stratification
2024-04-03,46.84814030151131,18.25765132508171,5.05044939606042,4.789829552813086,7.264193259999999,6.693125467569445,8.254840551163992,196.54382264676173,-94.75588353859042,Spring,Persistent stratification
2024-04-04,-36.839232093520806,-37.67158124818329,4.856226688631094,4.236597195708167,6.391921719999999,5.3994815825,1.0674202336834215,24.708801705634762,-98.38726589267638,Spring,Persistent stratification
2024-04-05,21.164028708762064,-1.8653663994454632,3.563953081744333,3.152820205993261,4.598634020000002,4.184176558958334,5.2074476846230064,122.24055597706588,-77.14327863438275,Spring,Persistent stratification
2024-04-06,33.81058355961079,-4.963513422421077,3.0166222217669394,2.736909295905905,4.007422459999999,3.6754661170138885,5.289062910196642,124.15640634264417,-54.06001120196962,Spring,Persistent stratification
2024-04-07,34.74618486743673,5.185501275013232,2.6824482919264256,2.4882603785154505,3.6249406900000007,3.3432538774305556,4.109523844694511,99.26386098295922,-24.61007715884395,Spring,Persistent stratification
2024-04-08,63.20146675311159,15.74322995027665,2.442523610935174,2.3513510614957456,3.4909236000000003,3.3104748493055554,6.384931776707022,154.22540523446915,-20.54055664973737,Spring,Persistent stratification
2024-04-09,157.28901824185493,58.944579603717216,2.7753713600486867,2.4926645293501024,3.9866016600000016,3.5448993920833334,14.713533561399318,322.6652096798096,-27.54319571821203,Spring,Persistent stratification
2024-04-10,75.92610595196976,35.85108483594877,3.1195496950538617,2.93766773288897,4.439717870000001,4.142783876597223,7.223761522727751,169.5718667306984,-15.154017545149852,Spring,Persistent stratification
2024-04-11,49.21486089007621,25.249562442369967,3.2749734215563184,3.1616079333383875,4.596437979999999,4.429669250833333,5.283628827007369,117.41397393349709,-24.914609809294298,Spring,Persistent stratification
2024-04-12,176.85984648876078,62.39496171261563,3.736046356047457,3.3854362985142794,5.059923460000002,4.587816780833333,15.877604782175128,357.6037113102506,-14.212239179671347,Spring,Persistent stratification
2024-04-13,50.1857755724465,28.138962085998998,3.9033045539729594,3.73480198855791,5.21938784,4.993119702986111,5.4587608784879516,121.30579729973228,-27.118595870255398,Spring,Persistent stratification
2024-04-14,144.9193350968907,49.70977487820787,4.246079167017751,3.9892375365401285,5.529651520000002,5.221088117847223,12.724970604693583,275.4322641708568,-5.073135629906126,Spring,Persistent stratification
2024-04-15,200.11844454929667,75.62787744606673,4.937613826870636,4.544849513753427,6.391650499999997,5.906005371388889,17.182996306891983,371.92632698900394,2.667594581274842,Spring,Persistent stratification
2024-04-16,32.99270083330381,20.652421313577367,5.159763182987345,4.943405350287981,6.69652267,6.363323675069444,3.372375949361464,80.29466546098723,-11.752400841531873,Spring,Persistent stratification
2024-04-17,58.160167449571844,25.229437583150965,5.102010558211926,4.886350481895852,6.579708329999999,6.015990688125,7.038219891034696,162.92175673691423,-46.601421837770545,Spring,Persistent stratification
2024-04-18,130.6305052231708,43.3402068735528,4.924409996074387,4.631385409701508,5.74343146,5.2618234034027775,13.509508372333087,292.4136011327508,-55.29932141918239,Spring,Persistent stratification
2024-04-19,11.967719216822841,5.297438733015483,4.826768727348487,4.594529351514081,5.537348869999999,5.092680203958333,2.6889780761752204,62.24486287442639,-38.30942444078071,Spring,Persistent stratification
2024-04-20,118.66151104942189,32.75731526097283,4.361158755360174,4.158674820092806,4.894656210000001,4.554039007152777,12.048959276651386,260.7999843431036,-44.69165975077953,Spring,Persistent stratification
2024-04-21,79.2115600802412,28.448279775285886,4.502407539212867,4.318940572707696,5.083186130000001,4.80711281875,8.71456621008707,188.62697424430888,-46.53451291428437,Spring,Persistent stratification
2024-04-22,127.40435764889331,35.66549796842176,4.420561953654046,4.233072800554314,5.121197170000002,4.787990373402778,12.837396446159403,289.13055058917575,-43.56333203083379,Spring,Persistent stratification
2024-04-23,154.15899343641323,68.54860616242583,4.922039446284062,4.59983107040063,5.647967549999997,5.2948432852777785,15.998677967657153,346.29173090167,-66.6502720087326,Spring,Persistent stratification
2024-04-24,84.99748368756235,27.39872087776695,4.931742233797169,4.725240098290047,5.726088900000001,5.315737469861111,10.118683013196518,219.0191128397515,-69.0273736962968,Spring,Persistent stratification
2024-04-25,74.20442035059203,15.428929701601675,4.794202614073977,4.603841329121871,5.399034449999999,5.162865824861111,7.492979854715615,164.31973365604418,-26.512694520207422,Spring,Persistent stratification
2024-04-26,161.9807349015257,47.824977762075825,4.669967819843523,4.473763997202875,5.422140629999998,5.118189982569445,14.945116281893569,319.34009149345235,-23.989413798023957,Spring,Persistent stratification
2024-04-27,180.5010248954929,71.80173717310066,5.179817362930036,4.864422727773597,6.008828380000001,5.619322742013889,16.240913242032175,347.02806072718323,-16.303653814686566,Spring,Persistent stratification
2024-04-28,32.681410190316925,-7.171140812013841,5.480893366356032,5.115767873899134,6.262667480000001,5.81084857125,4.813814475702257,113.00033980521731,-45.43700080499715,Spring,Persistent stratification
2024-04-29,29.00129025878755,-11.6415757920117,4.495167764408498,3.9853604157756646,5.069546159999998,4.636249922430555,5.699833449013068,130.13318376742166,-74.97938898248414,Spring,Diurnally oscillating stratification
2024-04-30,-110.92846735297019,-132.4238288236406,3.5034423314018293,2.1110919035698315,4.210729749999999,3.1549920281944446,-3.9766481642225844,-97.46686677016139,-122.97305734811489,Spring,Diurnally oscillating stratification
2024-05-01,22.307278958350988,-28.580736819465333,1.0851189445731375,0.8941652967414446,2.03062164,1.5576412099999999,5.135676375930683,114.12614168734852,-77.49583270360286,Spring,Diurnally oscillating stratification
2024-05-02,96.24768778750929,3.9789207687284116,1.2067089946991798,0.8428512962814498,1.796741579999999,1.3766837205555555,9.643897828513802,208.74237724055848,-33.0372538227114,Spring,Diurnally oscillating stratification
2024-05-03,-27.984505935452106,-57.87664381730129,1.1934050974235435,0.7134514900394566,1.7466217999999998,1.0052704273611113,0.09887830777931929,2.1972957284293178,-60.790812091844955,Spring,Diurnally oscillating stratification
2024-05-04,3.948251993757706,-48.995804086718714,0.2911277827817818,0.1759041038480176,0.54104624,0.3193975844444442,1.7663702960735541,42.05643562079891,-32.100029815605595,Spring,Persistent stratification
2024-05-05,84.8127515332211,-9.337356049062821,0.4605739580159733,0.20896326394635112,0.7150127300000015,0.3282958663888889,8.378843055607723,179.03510802580607,-26.54094250347019,Spring,Transition/unclassified
2024-05-06,217.26540169309334,33.80026719996809,1.1727264320228017,0.7478359024911847,1.666593619999997,1.0716153805555555,19.77717313647428,417.23993958806494,-25.7805751331029,Spring,Persistent stratification
2024-05-07,190.4418082889325,41.00634315781295,2.108331726429992,1.5656355861966729,2.988261900000001,2.213045105902778,16.511476727497087,348.343390875466,-1.469345931623579,Spring,Persistent stratification
2024-05-08,201.51260184105206,61.90679965759249,3.4115574265889714,2.644318623806345,4.71901214,3.6961225322916667,18.22607544831667,384.5163596691281,-20.907349980763396,Spring,Persistent stratification
2024-05-09,113.94884201149456,50.195928642085434,4.166701793318164,3.745169884488922,5.418854370000002,5.0321208931250005,12.12100876888946,258.9959138651594,-57.470424724654826,Spring,Persistent stratification
2024-05-10,97.76751801246964,28.46481873503989,4.660136648523472,4.2514815671745305,5.840495650000001,5.266892861319445,10.49175607493979,221.34506487214747,-52.42673124775422,Spring,Persistent stratification
2024-05-11,12.329215002599716,-19.875515895697667,4.705059065121158,4.446982437820775,5.595675589999999,5.172255005208333,3.8646580209257944,82.57816284029475,-70.69226880558533,Spring,Persistent stratification
2024-05-12,154.42926417550012,27.473063781392863,4.412378282459684,4.12968658182637,4.620070539999997,4.209470586458334,15.734957665780664,331.96113218946545,-61.34023694916551,Spring,Persistent stratification
2024-05-13,158.43344973635965,56.52118157897937,5.151592277722643,4.679315657518657,5.520548380000001,4.919843552500001,15.7675933188571,324.4360765196934,-54.99849898506952,Spring,Persistent stratification
2024-05-14,173.73678310368282,36.975795333116416,5.579752144123626,5.148471487487013,5.757504860000001,5.215236238055556,16.833031682003377,350.688160041737,-47.45243806888488,Spring,Persistent stratification
2024-05-15,135.0939694412184,48.46349305768877,6.319596054485871,5.842614673792758,6.544283549999999,6.0379141772916665,14.554356327732165,299.4723524224725,-76.24966582039403,Spring,Persistent stratification
2024-05-16,116.805107573935,20.36855362549424,6.103023645392199,5.835124823321727,6.232947339999999,5.623746110208334,12.352563489647611,257.34507270099186,-58.86984883488613,Spring,Persistent stratification
2024-05-17,179.6810443146609,58.987545153273764,6.800776289919457,6.257133928313703,6.540418040000002,6.005373030555556,16.469007603995127,343.1043250832318,-24.598056646052655,Spring,Persistent stratification
2024-05-18,175.78275642703755,53.75356989748155,7.502323554459214,7.055721295476024,7.39009974,6.921114019097222,16.519117746279004,339.8995421045062,-35.2245394439936,Spring,Persistent stratification
2024-05-19,93.30170856438059,29.200899340000554,8.016232159901676,7.652378328451949,7.961860629999997,7.585900983680555,9.93794722322334,209.6613338232772,-48.119989827201465,Spring,Persistent stratification
2024-05-20,65.98909285518073,3.5671657242722556,7.848138544602831,7.5799048594254135,7.73332723,7.315378875833334,7.191849149118396,149.83019060663327,-38.812279334134935,Spring,Persistent stratification
2024-05-21,47.213728222773625,-1.3022735547909035,7.709811622352103,7.183171251291853,6.93574821,6.512244830763889,6.092547831858908,126.9280798303939,-52.42921128675173,Spring,Persistent stratification
2024-05-22,76.57010350943784,0.721852062865403,6.861390096346267,6.4184456426482726,6.15038028,5.912226365208333,7.8239729907985796,162.99943730830373,-31.4665637391445,Spring,Persistent stratification
2024-05-23,208.2860390333172,54.761007653194035,7.139880562038131,6.667629567885895,6.838572110000001,6.273680307152778,18.551373251719955,381.71549900658346,-14.694695218025167,Spring,Persistent stratification
2024-05-24,215.13286532681798,75.30543876886023,8.184190881869126,7.638332216804583,7.990020949999998,7.428230158472222,19.178429114311495,394.61788301052457,-15.633585980804714,Spring,Persistent stratification
2024-05-25,200.03977839754288,78.01277794608087,9.210637386961434,8.630964415778386,8.908956400000001,8.393192276805555,18.717722868149792,385.1383306203661,-37.944074460372676,Spring,Persistent stratification
2024-05-26,88.98274527653795,26.661744306971904,9.646723037168496,9.260519757519624,9.155807120000002,8.801639592430554,10.575392822220298,220.32068379625622,-75.18967787310987,Spring,Persistent stratification
2024-05-27,-1.139680870662433,-36.06725135580533,9.220069175259614,8.701863969121506,8.590015750000003,7.729064482708334,5.981726877293633,138.46589993735262,-140.74526167867748,Spring,Persistent stratification
2024-05-28,118.32269738174394,14.244044896606352,7.511352945456418,6.681763946698088,6.932811100000002,6.257520659513889,14.128620517711326,287.1670836933196,-104.98761999808195,Spring,Persistent stratification
2024-05-29,76.84814027218034,4.85271010809337,6.7618055832580914,5.790285844827536,6.199181250000002,5.655670089861111,11.243103744498013,234.23132801037528,-119.88084440056332,Spring,Persistent stratification
2024-05-30,-28.010891655799952,-89.62629960044804,5.980014193383571,4.57574340758882,5.9372358,4.7632563688194445,0.5530437269795809,11.817173653409847,-75.08042338486608,Spring,Diurnally oscillating stratification
2024-05-31,70.84621009421244,-9.83542390456561,3.5241162259877115,3.0993753937785935,4.034573699999999,3.8011946938194447,7.411048392423165,156.3512319076617,-33.07527795597974,Spring,Diurnally oscillating stratification
2024-06-01,113.38972129820455,25.262144069887558,3.481113684631048,3.101515080635306,3.875653979999999,3.5257082470833336,11.268955191553452,231.87150599904226,-38.944001888586754,Summer,Diurnally oscillating stratification
2024-06-02,100.88071414586189,13.06519147693697,3.653439955923677,3.349471682459037,3.7881739099999976,3.49350626875,9.725771989330804,207.81564079766673,-25.496926442634763,Summer,Diurnally oscillating stratification
2024-06-03,141.55337417466376,37.99823949111695,3.919290916295603,3.3384747169556417,4.175238709999999,3.4895672027777778,13.411394582987928,282.9408139870871,-30.286744981973843,Summer,Diurnally oscillating stratification
2024-06-04,12.083585701861564,-45.64449893591305,3.898267956196362,3.325363713864747,4.16743134,3.4061606854861113,2.466710106550036,51.38979388645909,-37.04917452888533,Summer,Diurnally oscillating stratification
2024-06-05,28.305226151225405,-46.364312120945776,2.7380803784079752,2.1153778428290932,2.88786597,2.5230543836805555,4.221913079812733,87.9565224960986,-46.25889427986609,Summer,Diurnally oscillating stratification
2024-06-06,117.11494682098594,9.860595535099918,2.14506397025682,1.6348675324471773,2.767889829999998,2.2588200789583333,11.628491761849851,236.351458574184,-40.58495582034055,Summer,Diurnally oscillating stratification
2024-06-07,145.34883548274684,33.2409913687753,2.592077732256386,2.158178371026546,2.969183730000001,2.5544981902083332,14.311773019569825,298.16193790770467,-45.667542548450484,Summer,Diurnally oscillating stratification
2024-06-08,132.2723382005821,41.93031251688316,3.4006140944081253,2.9766106194303736,3.675769980000002,3.302750599305556,12.2818414570418,249.63092392361384,-22.943855820201758,Summer,Persistent stratification
2024-06-09,36.61730379113644,1.2448944188985587,3.823142642479571,3.499773519118886,3.878188689999998,3.5861829151388886,5.068720319015312,106.93502782732726,-48.84577619131084,Summer,Diurnally oscillating stratification
2024-06-10,63.5897537712698,13.17606376087569,3.509790601791281,3.2569211289403284,3.5287290099999997,3.2055358046527775,7.04512311712576,148.63128939083882,-39.76842028943718,Summer,Diurnally oscillating stratification
2024-06-11,122.00972039033581,30.436157166999934,3.8373353440014784,3.4585911948423353,3.7325390400000025,3.3297857952777776,11.159874229595896,232.49737978324782,-16.09985385080419,Summer,Diurnally oscillating stratification
2024-06-12,216.98557391605925,86.81294632095086,4.9465370589990005,4.2958137075995335,4.686805409999998,4.098798073888889,19.283848777156567,387.2258790593688,-14.652874065821036,Summer,Persistent stratification
2024-06-13,186.19367091835738,67.0010241706897,5.895776435070243,5.3356392912174595,5.546610529999999,5.018724733888889,17.30274278552084,351.68176393335045,-32.67767790792376,Summer,Persistent stratification
2024-06-14,141.77290190038983,47.00925418063653,6.37733772968924,6.001930424829056,5.778589840000002,5.4946867325,13.239242060591838,265.8482341484305,-27.05091083055074,Summer,Persistent stratification
2024-06-15,202.42180844650818,78.21536538821817,7.04300244953991,6.537854847437035,6.26791321,5.794672988402778,19.1531088765585,389.2908308243598,-44.727543730650375,Summer,Persistent stratification
2024-06-16,109.16876787567473,23.82009489571606,7.216068628882517,6.849216299718606,6.317669299999999,5.8717394460416665,12.606703225037526,259.3971857003606,-83.98205504177857,Summer,Persistent stratification
2024-06-17,103.63720516262134,22.163341940148836,6.951605896325075,6.207329338311405,5.613989759999999,5.140138279027777,10.916024960833614,221.87042603320356,-52.7357643758906,Summer,Persistent stratification
2024-06-18,61.78155637404892,-14.631669395694306,6.045924570725267,5.4263884799242526,4.942776420000001,4.605107750833334,7.392119420150826,150.24632967786232,-55.22024057615591,Summer,Persistent stratification
2024-06-19,39.65369622104547,-14.93967857436588,4.8200930021884725,4.215744460269801,4.167561030000002,3.8467077563194447,5.171552836843833,116.47641524423047,-41.55889246060721,Summer,Persistent stratification
2024-06-20,42.70755942806835,-17.443040837667613,3.8300842065033502,3.3307257354408217,3.61830281,3.2760436946527776,4.677136283340676,96.23737208519911,-26.116485416814047,Summer,Persistent stratification
2024-06-21,107.98598439081253,36.64214978160475,3.0983196494002785,2.6616581720892367,3.152319849999998,2.7895458586111115,10.981746489397679,261.47015450946856,-37.20174409980802,Summer,Persistent stratification
2024-06-22,30.907798391338176,-23.306012799796402,2.9908125173716646,2.4765644179457458,2.993353090000003,2.4602170529166667,4.801574294003725,106.70165097786054,-51.47682398531657,Summer,Persistent stratification
2024-06-23,74.12929689675622,2.9946994855786087,2.4597155041303966,2.12753925691365,2.409661879999998,2.089862449513889,8.087798454852743,168.4958011427655,-43.828833410755344,Summer,Diurnally oscillating stratification
2024-06-24,37.773576146966406,-28.89443223303943,2.148780767114061,1.7473003044049664,1.9814155999999985,1.7162263804166669,5.44983783936384,112.13658105686915,-57.83600159433711,Summer,Diurnally oscillating stratification
2024-06-25,51.46072405985395,-17.210460370182304,1.5604879257981108,1.2329572138806868,1.6641028100000028,1.2970162774305556,6.80532316333277,140.02722558297882,-62.41049218416372,Summer,Diurnally oscillating stratification
2024-06-26,56.76049694675859,-18.15460902924477,1.2760088296944003,0.9766124112979241,1.3511381100000008,1.0553847156944445,7.8499839669186615,167.73470014783464,-74.39083410905856,Summer,Diurnally oscillating stratification
2024-06-27,8.6362437346864,-43.7721516368821,0.9499176517226768,0.4927458826591318,0.9322364899999976,0.583975458888889,2.6353013115209496,55.59707408272045,-48.43922699600114,Summer,Diurnally oscillating stratification
2024-06-28,-20.248438553340986,-85.64837690899493,0.1727697194929933,0.036646176785405965,0.2389203999999978,0.04524828840277772,0.501860415522587,13.069281654234038,-46.902614719401,Summer,Transition/unclassified
2024-06-29,7.473090339028662,-66.76449405565306,0.0928147144023344,0.02371712295599159,0.1223217999999981,0.027795375902777794,1.677632487197698,35.84684801704483,-26.059532371354084,Summer,Transition/unclassified
2024-06-30,186.96984615534836,23.667457429293407,1.0548015272061069,0.44382994633496886,1.2126390799999989,0.5027133652777777,16.436103718766827,338.19143454252725,-7.457910342453134,Summer,Transition/unclassified
2024-07-01,74.23629356587014,25.51308446240784,2.152789935339769,1.5680368120739123,2.44861126,1.794167546875,7.441961543909924,161.081418699349,-25.570790542754818,Summer,Persistent stratification
2024-07-02,139.68610934299625,25.32203737368876,2.371497752099029,1.9178765189924627,2.3746678900000013,1.9279041882638888,13.419968186538268,283.12169169911954,-34.64329075136897,Summer,Persistent stratification
2024-07-03,128.0710837139048,44.48875993985407,3.300574484726817,2.684117340882856,3.2557151699999984,2.6347975646527777,12.624920035573416,273.266667436654,-38.79548265403083,Summer,Persistent stratification
2024-07-04,115.04025117580223,22.66544966925597,4.012919551261742,3.3958592399240675,3.791134109999998,3.207553794202899,10.232273502747026,227.38385561660058,-18.70213506324342,Summer,Persistent stratification
2024-07-05,174.72611153592985,83.91827569627375,5.291770157458921,4.222094593293969,4.87650739,3.7667848043055554,16.76854257795897,340.8240361373775,-44.951788743404094,Summer,Persistent stratification
2024-07-06,166.50284219389505,91.37433605727912,6.406933027919849,5.125414700659974,5.829336229999999,4.448960910625001,17.06137440213657,342.59787956097523,-73.10188078098456,Summer,Diurnally oscillating stratification
2024-07-07,156.3006382928201,81.2705748015104,6.933335378143847,5.82349602971158,6.04065443,4.891357798541667,15.317942091414706,311.34028641086803,-48.75179954072711,Summer,Diurnally oscillating stratification
2024-07-08,122.06425461884312,62.227039975394256,6.857257271971234,5.835712388352543,5.687740690000002,4.702789696180556,13.43656810907927,276.472594837022,-76.46075423310113,Summer,Diurnally oscillating stratification
2024-07-09,29.079560964933655,-19.569205593959328,5.823309989572734,4.699173772158697,4.356390380000001,3.620399146388889,3.9795608991654916,82.9075187326144,-38.20538624466729,Summer,Persistent stratification
2024-07-10,125.63475017889787,29.54681548925737,4.609549551949445,3.9177166881258083,3.896681919999999,3.2214266615972225,12.721518866129104,261.75964745121615,-49.382974885511295,Summer,Diurnally oscillating stratification
2024-07-11,70.05578046141692,-7.971199446647527,4.16815325654642,3.483970881843905,3.254170260000002,2.785518117083333,7.081386591327884,145.70754303143795,-27.2107714143244,Summer,Diurnally oscillating stratification
2024-07-12,131.55573512623366,43.78406579851966,4.003415659721148,3.187317586917557,3.412054139999998,2.6269283695833336,13.18196779452777,274.6243290526619,-47.28000728180164,Summer,Diurnally oscillating stratification
2024-07-13,2.8174392218820192,-53.47576020542188,3.549540066208955,2.0339468755373047,2.8151297300000024,1.7000566070833336,3.2273870358528107,96.05318559085745,-56.514399376556895,Summer,Diurnally oscillating stratification
2024-07-14,41.8008329004254,-22.851331238892207,1.33117614673514,0.933721858894171,1.1939568499999993,0.8973758837500002,4.615197268084111,101.21046640535332,-24.5981692521411,Summer,Diurnally oscillating stratification
2024-07-15,53.53029007012043,-26.563417288868656,0.8997440313308506,0.584641153733203,0.8962938999999999,0.6034994231249999,5.618626595766827,120.05612384117151,-25.091149841121766,Summer,Diurnally oscillating stratification
2024-07-16,146.88293243147288,58.897265750324976,2.0570594797828297,1.1573134054961731,1.99230442,1.1088660330555553,13.161453655905124,274.19695116469006,-12.259590985048577,Summer,Diurnally oscillating stratification
2024-07-17,137.60268556244046,56.227982625136214,3.1373130678493077,2.1364078865170986,2.7339073300000045,1.8137022406944443,13.425782036315818,276.250659183453,-40.658994807432876,Summer,Diurnally oscillating stratification
2024-07-18,87.92941252099757,18.118552212497846,2.514453306904308,1.9270037578093526,2.17763699,1.5577438604861111,9.632160105668497,198.1925947668415,-53.8375360808018,Summer,Diurnally oscillating stratification
2024-07-19,100.87431668979512,21.757340419531143,2.1758442019571325,1.4299686793254531,1.9905396500000023,1.2825546373611112,11.109182741156197,234.3709439062489,-61.37543023481791,Summer,Diurnally oscillating stratification
2024-07-20,68.46812919755791,-10.401876308733115,1.6138056537114265,1.1154485468189936,1.2960994199999971,0.9476201456944445,6.862903978062535,142.97716620963615,-24.66816706753986,Summer,Diurnally oscillating stratification
2024-07-21,199.6917927028163,91.29847823989888,2.8584789138108504,1.4071047391833884,2.712179429999999,1.357300205763889,18.270711125196318,371.3559171787869,-27.34785579766101,Summer,Diurnally oscillating stratification
2024-07-22,180.05464109920254,77.48590363453384,4.008838185506085,2.8095313843722387,3.425867369999999,2.319621237291667,16.670336251354083,343.0110339784791,-29.46072117415298,Summer,Diurnally oscillating stratification
2024-07-23,195.4974392095466,82.45901041742208,4.711337601651734,3.6582681717269474,3.8143649500000016,2.8042453531250002,18.10542657719002,372.5396415059675,-32.12824945728026,Summer,Diurnally oscillating stratification
2024-07-24,177.8408139608279,54.3666105565001,4.747898394396068,4.009035631467048,3.693303059999998,2.983232044027778,16.41888894153008,342.06018628187667,-27.433401440483056,Summer,Diurnally oscillating stratification
2024-07-25,152.7192783595509,40.05939678534244,4.828622406889538,3.965450107208294,3.7808807600000014,2.951890898888889,15.8166188081401,325.4448314432119,-69.35643274801326,Summer,Diurnally oscillating stratification
2024-07-26,39.305543247480514,-37.03346076792865,3.506899433148419,2.485761872232668,2.57758063,2.0353746087499998,8.18223916852241,172.6210795046922,-122.72410851128446,Summer,Diurnally oscillating stratification
2024-07-27,29.582338647816616,-71.6506679999856,1.326620360198937,0.7458669612831149,1.3562398099999982,0.8322724879166667,6.307829392687828,133.07656946598794,-96.20295726965314,Summer,Diurnally oscillating stratification
2024-07-28,41.86788668739362,-50.920839539230286,1.241112038504278,0.4288171417204601,1.1728874599999983,0.39707601361111095,7.716822070130233,167.03078073874963,-101.97603632685134,Summer,Diurnally oscillating stratification
2024-07-29,137.73001556048132,9.923823210610832,2.3442500110867805,0.9926905782619655,2.2403308600000003,0.916847842083333,14.460945545521122,301.2696988650234,-66.69458857019623,Summer,Diurnally oscillating stratification
2024-07-30,165.1696694593738,51.48757995792423,3.2360190393912447,1.8194479934537406,3.047350569999999,1.6070707783333331,16.99392138525411,349.66916430564015,-72.04396677154008,Summer,Diurnally oscillating stratification
2024-07-31,142.81383969409623,36.591244736595286,4.242421643976883,2.927889506753244,3.5978218400000017,2.3584158525694443,14.891247919739525,314.16134851771153,-65.43928641460543,Summer,Diurnally oscillating stratification
2024-08-01,119.09381839476512,23.035169383535788,4.200558054739297,3.024054923311608,3.5468292499999947,2.4172256831250003,12.013207821578899,250.27516294956035,-44.88286229872892,Summer,Diurnally oscillating stratification
2024-08-02,104.6435525125153,7.923415743122912,3.941136619393379,3.095568848113235,3.358183579999995,2.4957422186805553,11.003354880247278,229.2365600051516,-51.09770685328013,Summer,Diurnally oscillating stratification
2024-08-03,120.33543035515625,3.8720714976272936,3.757019019373527,2.943639952286862,3.338595930000004,2.512287612083334,11.935433126845687,251.80238664231408,-39.44748574769707,Summer,Diurnally oscillating stratification
2024-08-04,149.21619086184816,40.184831784304095,4.343811022144675,3.0797664189970053,3.91969142,2.7386747468055557,14.50333536859261,309.900328388731,-40.6832443971952,Summer,Diurnally oscillating stratification
2024-08-05,171.445324721369,40.17504104281189,4.764385957610159,3.5133504275720853,4.238800970000007,3.0254684418055557,16.555386784170512,349.26976337912475,-44.67976226267262,Summer,Diurnally oscillating stratification
2024-08-06,164.39300746218294,37.091412502944614,5.24738470768924,3.9612426489412282,4.511123550000001,3.2926789118749995,16.818907180065434,359.37835854840665,-66.04422563971788,Summer,Diurnally oscillating stratification
2024-08-07,138.17665762923968,26.204932686649954,4.528614658299031,3.4780170781771704,4.087101850000003,3.0977927575694446,14.411553528718784,307.93917796407663,-62.451775493749416,Summer,Diurnally oscillating stratification
2024-08-08,127.21977384953922,38.57521999932206,4.735181519236,3.6359816965240466,4.238607039999998,3.217110446944444,12.267533888090831,262.12679248057333,-32.2157936235011,Summer,Diurnally oscillating stratification
2024-08-09,47.232588171125286,21.56152398697135,3.8712598898194055,3.060714724810048,3.4759735799999945,2.8260725185416664,5.758061876838623,121.47809866748148,-43.00426304752301,Summer,Diurnally oscillating stratification
2024-08-10,90.3583602415676,15.847747188791358,3.409650278283382,2.3375945522674186,3.2573759599999974,2.3448177704861113,8.81222556588621,188.2954180744917,-25.385435379160857,Summer,Diurnally oscillating stratification
2024-08-11,64.77768491359646,-5.057129954992348,3.1864185607433058,1.9842795699855078,2.874436429999996,1.9057085184027782,7.080411053958742,151.2908344862979,-37.46512821777799,Summer,Diurnally oscillating stratification
2024-08-12,62.62304926207568,-13.764953961733859,2.519392335659353,1.5473990660827264,2.239501990000001,1.461622058472222,7.182400092197249,151.5274281054272,-45.42996502445922,Summer,Diurnally oscillating stratification
2024-08-13,38.666800827488295,-99.00367072354864,1.0404066330760304,0.5314126067556647,1.103398679999998,0.5350798062500001,5.62730012401788,118.71941189911142,-58.627911090330564,Summer,Diurnally oscillating stratification
2024-08-14,69.37595197656738,-40.877419774288796,1.6753965872183283,0.6332868062579882,1.4999442800000011,0.5502133911805557,8.926861998424734,193.22212117802454,-72.95472009077889,Summer,Diurnally oscillating stratification
2024-08-15,53.369016735169026,-39.29503379851787,2.182357274751538,0.8478693521864058,2.128362599999996,0.7849471241666666,8.309385046739425,177.5509625371672,-93.39146466719247,Summer,Diurnally oscillating stratification
2024-08-16,54.35156779928852,-25.911429934922467,1.938372320059757,0.8271254229573822,1.915121740000004,0.7736748197222221,7.316307478206242,158.36163372740782,-65.18238856586355,Summer,Diurnally oscillating stratification
2024-08-17,51.12354750004219,-0.9942220335950448,2.041767409275099,0.9944745231452661,2.0300727999999992,0.9537807829166667,5.835262194195192,126.30437649773141,-35.27830075103347,Summer,Diurnally oscillating stratification
2024-08-18,2.2989187556169335,-49.10723207093983,1.7128042465884932,0.9173352100679355,1.5891688699999946,0.8329086299999998,1.737303900420996,38.606753342688805,-37.166118839026396,Summer,Diurnally oscillating stratification
2024-08-19,44.47349601494342,-51.66746610915427,0.5768597143260772,0.24605465762353948,0.5458847200000037,0.23813483500000002,4.985455632846686,109.33016738698873,-28.013371989107217,Summer,Diurnally oscillating stratification
2024-08-20,113.71490343351536,7.470057156935888,2.169936737353267,0.9026119336556329,2.18230406,0.8952159006249997,11.356348752048962,245.80841454651434,-38.09405709933422,Summer,Diurnally oscillating stratification
2024-08-21,58.91623051969031,-9.660832285097916,3.5757475047256846,1.5051432651741676,2.568616740000003,1.2538820199999998,6.829743131592975,153.8230435043463,-50.81977199381818,Summer,Diurnally oscillating stratification
2024-08-22,71.54487112047394,40.191379005633706,4.781921585694055,2.5882254741466397,4.040395680000003,2.0450180394444444,7.451801350061095,161.29440151647393,-31.600111573436493,Summer,Diurnally oscillating stratification
2024-08-23,101.05604482516651,37.84912295295822,5.341062422278443,3.251468270254794,4.377192029999996,2.4579477292361114,9.847995541637282,215.96481450958947,-27.371403645659186,Summer,Diurnally oscillating stratification
2024-08-24,32.365718801761396,-30.785853843133623,3.421768358197141,2.5329265558795493,2.6243128099999997,1.9075586065277779,4.853015793120829,106.42578493686027,-50.40729629040794,Summer,Diurnally oscillating stratification
2024-08-25,61.726725824089904,47.566072667499114,4.811390991540285,2.4390116071727745,4.048258789999998,2.0157515627777776,6.567212275635413,145.93805056967582,-29.807322812416537,Summer,Diurnally oscillating stratification
2024-08-26,30.92670756972494,6.610981163662617,4.020119032032115,2.6249124569082714,3.1946041600000044,2.001244152013889,3.9098826748176085,86.88628166261353,-29.898916444284392,Summer,Diurnally oscillating stratification
2024-08-27,-30.756055343833566,-155.8334382895063,2.2767691282856406,0.8189622760578653,1.6660379399999954,0.655628790347222,2.2245026985629512,52.21837320570308,-111.45721187831441,Summer,Diurnally oscillating stratification
2024-08-28,-57.49015579310722,-174.28004871391795,0.0730576483625654,0.011474829458043644,0.0548776100000019,0.008751290277778014,-0.532488148885509,-12.499721804824155,-101.24797515157431,Summer,Transition/unclassified
2024-08-29,25.52459780565315,-11.59486666587354,2.176172051400644,0.88051775175367,1.893666630000002,0.7210049390972224,4.242601526375541,95.55408843188157,-48.50657799921688,Summer,Diurnally oscillating stratification
2024-08-30,70.98138356325143,78.69200532826906,4.126490461977233,1.7954503798524257,3.687321520000001,1.5239818140277779,6.993512067337318,159.6692252816739,-20.204707217661838,Summer,Diurnally oscillating stratification
2024-08-31,62.98756316035097,61.694844574415015,5.037603816758084,3.0223735470276782,4.179650729999999,2.269777095,6.117923322849147,141.61859543632283,-15.643469115620897,Summer,Diurnally oscillating stratification
2024-09-01,80.74509352319566,59.92698105049078,5.639613418136769,3.7086049504304714,4.454171410000001,2.709084320277778,7.437190270796379,172.15718219436064,-10.6669951479693,Autumn,Diurnally oscillating stratification
2024-09-02,85.79373219728285,5.565526985741324,5.759991903295276,3.8965210584347023,4.4224112600000005,2.783477196041667,7.893293561964322,180.21218178000737,-11.284392021574732,Autumn,Diurnally oscillating stratification
2024-09-03,30.65372068875932,10.673844094963535,4.235861312134686,2.7199574231811283,3.4268894600000017,2.076975252013889,3.7002189327623296,84.47988430964223,-24.688672893275218,Autumn,Diurnally oscillating stratification
2024-09-04,50.871549134262274,28.06654422723102,4.0670626047023895,2.4705179355559586,3.372401620000001,1.9760742842361114,5.437388454421929,127.63822662962274,-23.79193171738967,Autumn,Diurnally oscillating stratification
2024-09-05,18.726747291465447,-15.733701049001821,3.791905743028246,2.362585166992987,2.9760127400000016,1.8110055427083336,5.507833463376582,124.05030322920231,-92.61529755699924,Autumn,Diurnally oscillating stratification
2024-09-06,63.29062595389732,-41.6648352208499,3.1015518366578614,1.2712840382429051,2.581103910000003,1.0460821348611113,11.37682973620809,252.81843858240202,-142.71786603360775,Autumn,Diurnally oscillating stratification
2024-09-07,123.85085423954105,9.002390544378644,3.4543355199054284,1.418805010784659,2.9766099699999984,1.124141214166667,13.545867051969838,301.019267821552,-68.72350834960126,Autumn,Diurnally oscillating stratification
2024-09-08,138.62295832852294,21.735996903444605,3.4253446617131518,1.7650833983999965,2.88937224,1.3426937558333334,13.784580540116401,302.2934328972895,-44.30286618951025,Autumn,Diurnally oscillating stratification
2024-09-09,142.9194100441398,19.362935437733928,3.538593432451538,1.7319642941241633,2.9452504900000065,1.3522473561805557,14.233029873773765,324.9550199491727,-44.24396352018978,Autumn,Diurnally oscillating stratification
2024-09-10,113.07728441279636,-1.7324947467611915,3.196256674112391,1.5496753783289106,2.707231139999997,1.2101735951388892,12.106514142275714,280.24338292304896,-54.088814097456215,Autumn,Diurnally oscillating stratification
2024-09-11,-14.568351854748395,-143.39240057361485,0.9852560792891184,0.29109704544480564,0.7413176899999954,0.21902384430555533,4.246735221889389,98.30405606225436,-127.44075977175115,Autumn,Near-isothermal mixing
2024-09-12,-47.78764251464574,-160.41745405570362,0.058717135904846,0.021051833900744374,0.0401748000000026,0.005231391736111168,-0.38287514899165537,-9.116074975991795,-84.36885505121029,Autumn,Near-isothermal mixing
2024-09-13,16.20908648542438,-83.82056029317418,0.0871915895817625,0.022469303049923,0.0641185899999996,0.005628428958333469,2.8180761914807175,68.06947322417192,-31.50246931422335,Autumn,Near-isothermal mixing
2024-09-14,94.70323955875568,8.553814087149997,1.9785845426940576,0.6993345063343448,1.7581513199999996,0.5644158863194444,9.486907564600681,222.69736067137748,-29.784193304205225,Autumn,Decaying stratification
2024-09-15,55.877350393403326,-27.104932730257232,2.283747321477255,0.7777554152940634,1.9998271600000024,0.6294581105555557,9.593798503427227,222.07866906081543,-110.32396827400876,Autumn,Decaying stratification
2024-09-16,75.10992415850693,-15.380997214660871,3.0561918500497995,1.0869196874640672,2.78499282,0.9026644335416667,11.292212411015019,261.39380581053285,-111.173957493519,Autumn,Decaying stratification
2024-09-17,88.82389564689021,0.14989832051581053,1.8984484783345064,0.7953372473060378,1.700296550000001,0.6337035235416666,9.32689438859732,218.94118283092303,-37.72853435401843,Autumn,Decaying stratification
2024-09-18,119.34042552056914,24.546483109740336,2.6297806188282937,1.1918539931064345,2.3565398,0.989010967638889,12.192485277949343,282.23345550808665,-43.55260446694835,Autumn,Decaying stratification
2024-09-19,84.29400214301226,-0.786433736000351,2.1152547230224537,0.9160899691251407,1.9517051799999976,0.7438452456250001,9.802968711447779,233.4040169392328,-56.75601185341261,Autumn,Decaying stratification
2024-09-20,90.87183909025774,13.084723842341313,2.1471152254485184,0.9094895535836763,1.8339626399999995,0.7334764375,9.960581470764973,237.15670168488032,-47.505733634385244,Autumn,Decaying stratification
2024-09-21,-92.01954254899493,-180.2254993456112,0.6318954426145729,0.1797897672620462,0.4372347800000007,0.11167773194444458,0.1663202017255804,3.904230087454941,-185.31526662006263,Autumn,Decaying stratification
2024-09-22,-45.64375853011108,-150.83242838422734,1.6169563765173849,0.4256477949169083,1.18364386,0.30044268069444424,6.230149793076313,144.21643039528504,-235.5039474555072,Autumn,Decaying stratification
2024-09-23,68.0883017244895,-34.30913102124024,2.4639231116537466,0.866023676057858,2.293860630000001,0.7214040975694443,10.823305797843362,254.06821121698036,-112.79626778190571,Autumn,Decaying stratification
2024-09-24,107.95362396259624,4.556753714278474,2.8531614699332595,1.0841504317111723,2.7620876099999983,0.933046575,12.300808622153204,284.7409403276204,-68.83369240242797,Autumn,Decaying stratification
2024-09-25,124.74838821189026,28.505115610846083,2.9435657326821167,1.2668857457816631,2.904079590000002,1.0967413915972224,13.339365582768261,313.130647482823,-58.47271327079776,Autumn,Decaying stratification
2024-09-26,95.98400440151552,15.935209099880113,2.2232055137390048,1.1427838694648336,2.1273332600000003,0.9358569075000001,10.283103723194273,244.835802933197,-44.82175096629124,Autumn,Decaying stratification
2024-09-27,129.86382534906264,28.49834538167963,2.9636397147315523,1.3042134413632573,2.8809024700000023,1.1333802140972222,13.376652159135322,318.4917180746505,-48.56796506703402,Autumn,Diurnally oscillating stratification
2024-09-28,119.6851655744236,36.37193032552178,3.107107254402008,1.4675898861831569,2.96065058,1.2526958556249999,13.190811563867461,314.0669419968443,-64.1894877981365,Autumn,Diurnally oscillating stratification
2024-09-29,118.47822045962887,36.3223037352751,3.1523934845040333,1.5250070357090062,3.0718539400000004,1.3025206404166665,13.369085057800948,318.31154899526064,-70.55330653353631,Autumn,Diurnally oscillating stratification
2024-09-30,2.390153131210761,-65.46947193870528,2.4290278581235976,0.9802544979624531,2.059502809999998,0.7651556414583335,7.512705437971011,176.35458774579837,-166.80813258982653,Autumn,Diurnally oscillating stratification
2024-10-01,-155.3448318560086,-255.94670955170153,0.2637064320545542,0.10317709164523613,0.1797793900000002,0.02161242159722216,-2.9653103919417174,-72.67917627308131,-229.30883948283827,Autumn,Near-isothermal mixing
2024-10-02,-52.82376694420551,-106.98041722630944,1.870939895742437,0.530258640928616,1.5736219899999997,0.40599187291666644,4.96764411447497,119.99140373127948,-211.81372396565172,Autumn,Near-isothermal mixing
2024-10-03,0.846722961312676,-85.94997325786493,1.276718599529554,0.37873239240632445,1.1904464000000026,0.2708129836805557,6.0238903216525275,143.42596003934588,-134.02552832871874,Autumn,Near-isothermal mixing
2024-10-04,36.95738031128062,-35.22703012615373,1.9258447205486235,0.612693352701737,1.9868290200000016,0.5302259161805555,6.789202041463754,163.99038747496988,-79.9129862793135,Autumn,Near-isothermal mixing
2024-10-05,48.708094113629095,-19.108846413815325,1.3531246254608094,0.5005379973520071,1.3541852299999988,0.40695621965277795,6.707555203544314,164.40086283196848,-54.806488423832455,Autumn,Decaying stratification
2024-10-06,12.287970165336443,-47.27763562104837,0.6819662948906716,0.24091185765062775,0.5750148100000025,0.1394047013888889,4.779446772892553,117.1433032571704,-81.52995944314658,Autumn,Decaying stratification
2024-10-07,-44.238819290600176,-105.69176469731869,0.1538795284487395,0.10562427489692552,0.0546855599999993,0.006153156180555456,-0.30098004018060925,-7.962434925412943,-72.45378490796803,Autumn,Decaying stratification
2024-10-08,53.34172060488718,10.313450474165794,2.0823162694162005,0.8373762380686641,2.327546999999999,0.79352711875,7.488408755984768,183.53943029374432,-63.150967011458675,Autumn,Decaying stratification
2024-10-09,71.85601625328371,25.723604604874357,2.101035880878392,0.9444832858315156,2.3867485399999997,0.8905176423611112,8.469672809177869,204.58146882072145,-50.25140010875903,Autumn,Decaying stratification
2024-10-10,65.75162201187013,3.061141171179438,1.4825234008711523,0.7313015845177273,1.58985603,0.645997268888889,7.434173229559163,182.2101281754697,-38.44809402924527,Autumn,Decaying stratification
2024-10-11,78.6600155678343,29.98161867781232,2.138771492757876,0.9920447011038515,2.343377609999997,0.9460424750694446,8.90610184086853,218.28680982520905,-46.26922139929051,Autumn,Decaying stratification
2024-10-12,48.36462155656416,0.2969870780491155,1.3722557058731204,0.8763317030967179,1.3872627699999995,0.7042982734722221,6.000817065037276,151.53578447063825,-38.934054755344704,Autumn,Decaying stratification
2024-10-13,11.817307526045845,-47.28602208232921,0.4743742269822499,0.2264586765637919,0.2909551499999985,0.07199690986111107,2.85419640215408,74.32803130609584,-38.19127149799415,Autumn,Decaying stratification
2024-10-14,39.35291455972996,-15.320708390231488,0.8017305298446968,0.34121185666373344,0.7657525599999992,0.19749541388888872,4.373844759788784,113.90220728616626,-20.286519621419075,Autumn,Decaying stratification
2024-10-15,67.03044235999045,9.271750482294571,1.1282380367863802,0.5455788341294854,1.1733275400000025,0.40952785506944456,6.517664607798803,164.58749009592938,-15.51782880118867,Autumn,Decaying stratification
2024-10-16,98.83465314122788,55.040845815046794,1.833732500536459,0.9563962512273577,2.0051822900000005,0.8681135958333333,9.457528814377266,238.8264852115471,-19.61997399519608,Autumn,Decaying stratification
2024-10-17,36.40865600564068,-12.372824021374324,1.2983597741761872,0.7073879545983573,0.9971838999999996,0.48548573187499994,4.783268039761009,122.6478984554105,-34.547682718853466,Autumn,Diurnally oscillating stratification
2024-10-18,87.98892413363336,29.532654951963295,2.1129056036932656,0.9706770013804965,2.21914601,0.8313184129861112,10.40555953322351,262.7666548793816,-59.8999249589228,Autumn,Diurnally oscillating stratification
2024-10-19,-83.10984482338566,-141.05773242483053,0.7849107583783971,0.285092366157264,0.4738079999999982,0.050633269652777646,0.967003502376671,25.182382874392474,-169.74362698160817,Autumn,Near-isothermal mixing
2024-10-20,-50.853656498820186,-104.60309673532706,0.5191151027341906,0.28478757738411803,0.2964768099999979,0.04603099999999991,1.595460176592436,41.548442098761356,-124.77533537688541,Autumn,Near-isothermal mixing
2024-10-21,-35.215871575220305,-89.46348618431706,0.3483102865506555,0.2681467688258279,0.1019207299999997,0.017433826597222212,1.298552713866672,36.070908718518666,-86.13500035646243,Autumn,Near-isothermal mixing
2024-10-22,-4.286457613862045,-65.21766654111168,0.8204819635837362,0.40601064637443113,0.6886493700000003,0.15655382923611133,3.7895826190083897,100.2535084393754,-85.59532009971338,Autumn,Near-isothermal mixing
2024-10-23,34.56091103717131,-43.459946739977156,1.3359209486920356,0.5556596109619193,1.4922142399999991,0.35182516423611115,6.573908341813626,166.007786409435,-76.66336812397488,Autumn,Near-isothermal mixing
2024-10-24,46.21863680743616,-26.171587831787765,1.3424064549516457,0.6143109443615429,1.4872984799999998,0.4162746224305556,7.1241088240962895,179.90173798222952,-66.897833417389,Autumn,Diurnally oscillating stratification
2024-10-25,45.5753837760085,-12.641947603880048,1.3415939214805164,0.6477344247676942,1.51111461,0.4518625805555556,7.023044304850301,177.34960365783587,-65.92587920092238,Autumn,Diurnally oscillating stratification
2024-10-26,24.2535661035855,2.162945986767473,1.135924914495232,0.6157161276960718,1.137012849999998,0.3799439061111112,4.679871000450682,123.8061111230339,-53.17619113376326,Autumn,Diurnally oscillating stratification
2024-10-27,28.176971629096734,8.711709306964789,1.3126592071002938,0.687045790577526,1.257384260000002,0.4385117588194445,5.325438524219822,134.48077081363186,-61.77239691166376,Autumn,Diurnally oscillating stratification
2024-10-28,54.851082080368926,-0.8529471352013455,1.2797622468572798,0.7009457291945768,1.2675037099999995,0.42771598270833333,6.274596011435374,163.4009377977962,-31.988802493572884,Autumn,Diurnally oscillating stratification
2024-10-29,49.39336034158713,-5.780089093269781,1.387789507074932,0.7574552150056628,1.3656645399999974,0.4752665399999999,6.887376426177001,176.599395543,-55.269833178562706,Autumn,Diurnally oscillating stratification
2024-10-30,43.22555027828699,-17.203537646178155,1.363967640897828,0.684115913365114,1.3967507700000006,0.3792451889583334,6.643985132250044,170.35859313461648,-61.377586249072735,Autumn,Near-isothermal mixing
2024-10-31,39.84701922765813,-28.123314139437,1.3380487260235263,0.6854226577897745,1.3441989200000002,0.3734293984722221,6.894211260061451,179.53675156410029,-71.9047666414956,Autumn,Near-isothermal mixing
2024-11-01,17.78988502459507,-40.85748894983558,1.277102133093727,0.6071640362986881,1.2190893500000008,0.24816057145833323,5.4524684346776855,141.99136548639805,-81.57129934484732,Autumn,Near-isothermal mixing
2024-11-02,55.65582452005195,7.371828375552535,1.7675941746423562,0.8454471336198899,1.75152121,0.5300513937499998,7.08866794587589,184.60072775718461,-47.50009806965418,Autumn,Diurnally oscillating stratification
2024-11-03,58.360667250081036,-0.8037820596223768,1.430571081312515,0.8148338577214371,1.4010336999999993,0.4567963539583333,7.0819189716002695,184.42497321875703,-42.49077752485976,Autumn,Diurnally oscillating stratification
2024-11-04,42.342627536812394,2.7513399039646966,1.4312950710835664,0.8171669748133836,1.324342789999999,0.43698417909722237,6.256925119886675,168.19691182491061,-52.81548985174965,Autumn,Diurnally oscillating stratification
2024-11-05,14.28218078581754,-42.944166154834896,1.2741409247412074,0.6982315781594077,1.1640297100000012,0.27973793937499997,5.204464782846291,135.5329370532888,-82.71842422815948,Autumn,Near-isothermal mixing
2024-11-06,26.565297867917945,-34.335633669805674,1.269187708675754,0.7079958058644775,1.1658197900000005,0.2889629639583334,5.571261627701149,145.08493822138408,-68.25041441485497,Autumn,Near-isothermal mixing
2024-11-07,2.1667862441062353,-58.199941897356744,1.269882046634876,0.7174511342697896,1.19504491,0.29236327138888885,4.729279519677151,123.15832082492582,-94.62644142054943,Autumn,Near-isothermal mixing
2024-11-08,11.420209035186247,-27.882204246985278,1.0449808793421318,0.6857444079213535,0.8165422099999979,0.2266499965277778,3.986928919486238,105.47431003931847,-61.732980634694364,Autumn,Near-isothermal mixing
2024-11-09,12.781993912606945,-12.627139110132294,0.9305457686613562,0.6518314197536627,0.56363919,0.14913441319444465,3.305663527995157,91.82398688875438,-43.67657249892692,Autumn,Near-isothermal mixing
2024-11-10,56.17808422427704,12.812019446804705,1.3353460001202242,0.8585023519406184,1.1958881900000016,0.4394311275,6.620121913932279,175.13550036857882,-36.34435055462434,Autumn,Diurnally oscillating stratification
2024-11-11,81.46305853968887,18.54769771129969,1.4125271151884726,0.7982708645096186,1.251510770000003,0.4148718761157024,7.177934932449483,217.5131797711965,-31.91204248656747,Autumn,Diurnally oscillating stratification
2024-11-12,60.641678465839746,21.456676649196694,0.8487510273431426,0.4466833649363076,1.2935905400000005,0.5759301930555554,6.617300544728234,177.88442324538264,-28.00527490405853,Autumn,Diurnally oscillating stratification
2024-11-13,73.95919685022041,39.32676684940233,0.978166713013003,0.5263025908276506,1.4299107500000012,0.7120376513194445,7.456958860544204,200.45588334796247,-21.684639282218697,Autumn,Diurnally oscillating stratification
2024-11-14,76.69895160287041,40.07076592192158,1.0979165745610695,0.782695583271405,1.4583411700000006,0.965682878125,6.882634754652947,185.0170632971222,-5.200108458637065,Autumn,Diurnally oscillating stratification
2024-11-15,66.15348233850854,31.81640669960839,1.3300373746863776,1.0542063924374334,1.7042986199999994,1.2656049590277778,5.607070428982608,153.1986456006177,2.1805310253921717,Autumn,Diurnally oscillating stratification
2024-11-16,7.224828206972699,-22.886901648639256,1.2618730802702025,0.9888145751437372,1.4879838800000016,1.0854151003472223,2.920499648783189,85.39472657260787,-43.989932791202065,Autumn,Diurnally oscillating stratification
2024-11-17,-131.99759670081596,-165.28231628869074,0.2020683852781988,0.026219799055732882,0.2143727399999981,0.02329777854166683,-2.9871957330132752,-97.62077558866913,-150.84940182683198,Autumn,Near-isothermal mixing
2024-11-18,-81.68634423628184,-114.27466453812222,0.0396485465149064,0.011836880623822117,0.0385070400000024,0.005116376527777921,-1.2507884518925374,-37.225846782515994,-109.97938807049648,Autumn,Near-isothermal mixing
2024-11-19,-47.688516115615556,-76.67716684989148,0.0550520074561185,0.015227058694018553,0.0717548900000011,0.011906952708333553,0.28940408942035223,8.462107877788078,-84.47685597336276,Autumn,Near-isothermal mixing
2024-11-20,-25.21252549483542,-57.347131956103425,0.1280711909606282,0.025811065301113968,0.1735918900000008,0.02559770479166666,0.9962616983398532,29.650645783924205,-60.1254526722279,Autumn,Near-isothermal mixing
2024-11-21,20.844877020135627,-32.07011988474194,0.429316882204952,0.11650022334524802,0.7467554500000002,0.1718784515277777,4.769972714176245,130.32712333814877,-59.61797870756078,Autumn,Near-isothermal mixing
2024-11-22,13.200566432377888,-14.03894675552224,0.3101573337478462,0.09429684481978685,0.5142608099999997,0.1401995310416666,3.2187971329040357,89.41103146955655,-41.23548002274972,Autumn,Near-isothermal mixing
2024-11-23,15.91157967872963,-19.137666167001484,0.4033090332162749,0.12424729750893021,0.7315774899999994,0.19155223048611109,3.9491924131397256,109.69978925388128,-51.07999858923582,Autumn,Near-isothermal mixing
2024-11-24,-20.04934110612799,-33.11648010329999,0.029229638780603,0.010098637867606721,0.0330945899999992,0.003471552916666691,0.23558312821977404,7.271084204314014,-36.44159629239319,Autumn,Near-isothermal mixing
2024-11-25,-46.24446034670635,-73.70820571832773,0.0443347963996421,0.013622951203099653,0.0535297400000001,0.008113742638888822,-0.5328937605384577,-15.58168890463327,-66.3338623259956,Autumn,Near-isothermal mixing
2024-11-26,-26.044675679453476,-70.19739717636914,0.2229953530089722,0.046961244088392494,0.3984943899999997,0.06684001034722223,2.2719329895049833,64.17889800861535,-88.6704503570542,Autumn,Near-isothermal mixing
2024-11-27,-21.41207219455358,-81.37574013762556,0.3805581498076222,0.07508097480076452,0.7605210800000002,0.12511633486111107,3.195750792830817,87.31559543253597,-101.32035804096878,Autumn,Near-isothermal mixing
2024-11-28,-20.12701700052347,-63.654641345043984,0.4390751290907747,0.08362840390317637,0.9383846700000014,0.15297521805555553,3.161845733515533,86.38922769168124,-98.4100402080474,Autumn,Near-isothermal mixing
2024-11-29,-2.569970322116583,-48.129594206550955,0.4105083388396827,0.10022904362414303,0.9350918999999998,0.19872810708333333,3.881442263873586,106.05033507851327,-82.39935139968793,Autumn,Near-isothermal mixing
2024-11-30,20.63994179091354,-19.51501259094691,0.4053982278937227,0.1263697918958024,0.9183450099999996,0.2564741789583333,5.172565766115364,141.32693350041978,-68.05772681486815,Autumn,Near-isothermal mixing
2024-12-01,33.17795823056041,-6.62779592692404,0.3597541158211647,0.13054890756597015,0.8640821499999998,0.27371301131944453,5.599208770571836,152.9838461904873,-54.8721521978196,Winter,Near-isothermal mixing
2024-12-02,38.037747520902016,2.165351424750491,0.3609006559529897,0.13266831183332042,0.8620952299999995,0.27922179451388884,5.98973898569697,166.38163849158252,-53.636460315298336,Winter,Near-isothermal mixing
2024-12-03,7.149485359351829,-9.452488733339987,0.3056168072834464,0.08891597544423874,0.6809325099999999,0.16657426895833335,3.8970831346584998,108.25230929606943,-65.06681745258932,Winter,Near-isothermal mixing
2024-12-04,-29.05521424886192,-27.532736963210283,0.0912286019536313,0.024676360430564988,0.1799639100000014,0.030996556875000008,1.1702982930081431,39.806064388032084,-64.57313691420725,Winter,Near-isothermal mixing
2024-12-05,8.97859573535842,-1.3101560676363464,0.2700073402414643,0.08705538568742383,0.6322225900000014,0.17211231222222223,3.6215025924599913,102.30233312033873,-55.79905727303968,Winter,Near-isothermal mixing
2024-12-06,11.177005585761728,-1.892337708849874,0.3278675766411885,0.11865618011973351,0.7703735500000004,0.24392188715277785,4.2272705638372,117.42418232881111,-64.71383494498784,Winter,Near-isothermal mixing
2024-12-07,-37.50816125701954,-35.064447886399165,0.2383294622420308,0.06010743884566193,0.521882960000001,0.10418796312500002,1.9216852135814884,55.22083947073242,-100.04632453852668,Winter,Near-isothermal mixing
2024-12-08,-58.476654287756595,-60.55274629824795,0.1750248450879158,0.037615464009589886,0.3963582500000004,0.06028418708333342,0.8266175545721439,22.96159873811511,-116.6468350205221,Winter,Near-isothermal mixing
2024-12-09,-50.163918007710464,-43.91871603167478,0.0478524706753199,0.015591529729926093,0.0825523599999993,0.012344034652777714,0.009806786357119127,0.3026785912691089,-80.44387596709822,Winter,Near-isothermal mixing
2024-12-10,-68.08159243980117,-55.69831171933027,0.0282290311316541,0.011918628511462923,0.0433061600000002,0.006015593263888853,-1.1504588912541882,-36.87368241199321,-85.72084593377959,Winter,Near-isothermal mixing
2024-12-11,-42.639891653140495,-38.23495102721697,0.1175247683309985,0.03009652364949753,0.2518683999999993,0.049660039513888914,1.1326837620358112,33.119408246661145,-92.27529503576916,Winter,Near-isothermal mixing
2024-12-12,-44.12750936192075,-40.71506364063532,0.0803979991798732,0.018371416015037056,0.1701786300000005,0.022682671527777844,0.6667731656043634,19.844439452510816,-84.83693133474084,Winter,Near-isothermal mixing
2024-12-13,-46.20660127503654,-58.79037492368473,0.1918862920808484,0.039366102512938456,0.5294831699999989,0.08546792018749988,2.240958169945688,62.24883805404689,-123.67477222438185,Winter,Near-isothermal mixing
2024-12-14,-56.466470239391214,-67.56217466096102,0.2411101698208628,0.05141203545438399,0.7473468479999994,0.12989659309027773,1.7772293719543582,50.20421954673328,-130.50847844387764,Winter,Near-isothermal mixing
2024-12-15,-22.852313882805195,-48.01241381946175,0.2152574561765874,0.05146020383962627,0.7215821049999995,0.14408731109027775,3.2110879194894175,89.19688665248381,-102.88745712229736,Winter,Near-isothermal mixing
2024-12-16,-6.147636799116394,-33.110455484691045,0.2234783956795669,0.06481876071600112,0.7920020319999992,0.202374699763889,3.892873361179936,108.13537114388711,-87.77835675840461,Winter,Near-isothermal mixing
2024-12-17,-1.4802864885599958,-20.13140574670966,0.2209584445114515,0.06760511973631966,0.7776339119999989,0.21482753813888902,4.007718557641421,111.32551549003945,-82.05585933041675,Winter,Near-isothermal mixing
2024-12-18,-45.4082086602811,-51.468144576357574,0.1805261130735266,0.03804686909731703,0.6432532779999995,0.11369130236111102,2.5071450446293597,69.64291790637111,-127.58758477931839,Winter,Near-isothermal mixing
2024-12-19,-37.67866278320274,-49.31375877865693,0.1116155036147947,0.027669022056381047,0.4136921870000005,0.08089602572916668,2.061232785156334,59.23082715966477,-103.03622576792735,Winter,Near-isothermal mixing
2024-12-20,-3.7417201416772365,-13.787822789136941,0.1503016460304289,0.04334095568994048,0.635199483000001,0.15865033579861107,3.7675184244195625,106.42707413614585,-80.21182440510736,Winter,Near-isothermal mixing
2024-12-21,-30.165100933728947,-34.82776162208955,0.1359383729945858,0.031188028628333937,0.6241629840000007,0.11414491529166665,2.8402935280145303,80.23428045238785,-106.79525977821001,Winter,Near-isothermal mixing
2024-12-22,-65.87837581663781,-38.037044263435355,0.053343998831101,0.01473381142264208,0.2119758630000001,0.039272828729166626,0.3860655850295231,11.288467398524066,-116.4359627507094,Winter,Near-isothermal mixing
2024-12-23,-31.635557974396804,-12.605489659442014,0.1091302664634105,0.02761798075908022,0.4854149169999999,0.10140884284722224,1.5263736527754248,45.42778728498288,-80.67586859400207,Winter,Near-isothermal mixing
2024-12-24,1.916087164966196,-12.336642401337933,0.1421153806761421,0.04040541206442266,0.7069271299999995,0.17480651893749993,3.88222552184017,109.66738762260367,-72.87599197621746,Winter,Near-isothermal mixing
2024-12-25,-27.485178492181838,2.0055087164237544,0.0294380950100406,0.00979925027973533,0.1073918429999993,0.018666686499999998,0.22359906207035007,7.166636604818913,-47.07098702526921,Winter,Near-isothermal mixing
2024-12-26,-19.37859409851947,10.625022090551168,0.0405101077324138,0.01475231658046607,0.1706333949999994,0.04422611156250002,0.5413636669320221,16.112013896786372,-41.96352645916864,Winter,Near-isothermal mixing
2024-12-27,-15.348229122043692,4.8552124058572526,0.1144322306336397,0.03631329189622026,0.6593456310000008,0.14926940349305554,2.241821067888656,65.55032362247532,-68.35072919603891,Winter,Near-isothermal mixing
2024-12-28,-33.13285230037646,-51.11445244044307,0.1520730020248265,0.03553303209650218,0.7888789339999995,0.1580560887916666,2.615494195076269,72.65261652989635,-108.69390146485705,Winter,Near-isothermal mixing
2024-12-29,-5.738295285011535,-21.230001539682142,0.1584136480739099,0.0434518151362838,0.8620271820000003,0.2209874043611111,3.5276307234920075,97.98974231922243,-79.82975071660722,Winter,Near-isothermal mixing
2024-12-30,-0.13561806408032387,11.103402028185558,0.1044458459377978,0.032284415641031294,0.5551717009999999,0.15035342810416666,2.848090114735943,81.84166996367652,-55.422626268846564,Winter,Near-isothermal mixing
2024-12-31,13.734647106764825,0.8159194237290454,0.128557713252504,0.0436566616464985,0.7122817269999997,0.22115151861111107,4.517997790871723,125.49993863532563,-66.09770398506433,Winter,Near-isothermal mixing
