Date,风速(m/s),雨量(mm),大气温度(℃),雨量累计(mm),数字气压(hPa),简易总辐射(W/m²),风向(°),辐射累计(MJ/m²),大气湿度(%RH),25cm,75cm,125cm,175cm,225cm
2024-05-03 00:00:00,0.8,0.0,20.15,3.7,1015.6,0.0,89.5,6.81,63.2,22.08914575,21.66693918,21.51838411,21.27440659,20.35536598
2024-05-03 00:10:00,1.0,0.0,20.0,0.0,1015.7,0.0,66.0,0.0,62.7,22.10744817,21.67298552,21.5178837,21.24051023,20.36082637
2024-05-03 00:20:00,0.3,0.0,20.0,0.0,1015.6,0.0,34.0,0.0,63.3,22.1109819,21.66869735,21.5071364,21.26228026,20.41736653
2024-05-03 00:30:00,2.0,0.0,20.0,0.0,1015.2,0.0,139.0,0.0,63.5,22.11555705,21.69319048,21.52350555,21.23847254,20.40691316
2024-05-03 00:40:00,0.9,0.0,20.0,0.0,1015.1,0.0,114.0,0.0,62.2,22.09747359,21.69553945,21.52145586,21.16201505,20.41628094
2024-05-03 00:50:00,1.7,0.0,19.9,0.0,1014.8,0.0,83.0,0.0,59.7,22.1100038,21.69335038,21.52065198,21.2314588,20.39761432
2024-05-03 01:00:00,2.4,0.0,20.0,0.0,1014.8,0.0,124.0,0.0,54.1,22.09101208,21.67213117,21.52410716,21.22477618,20.41081148
2024-05-03 01:10:00,1.1,0.0,20.0,0.0,1014.7,0.0,71.0,0.0,53.6,22.08879352,21.69106215,21.51375811,21.24496094,20.35550679
2024-05-03 01:20:00,1.8,0.0,19.9,0.0,1014.4,0.0,107.0,0.0,52.1,22.09009731,21.68457839,21.51440221,21.23967051,20.38489414
2024-05-03 01:30:00,1.3,0.0,19.8,0.0,1014.1,0.0,64.0,0.0,53.0,22.06774657,21.69294787,21.53123105,21.19863583,20.42475727
2024-05-03 01:40:00,3.2,0.0,19.8,0.0,1013.7,0.0,135.0,0.0,50.8,22.04546515,21.66823989,21.52421897,21.18919444,20.41653146
2024-05-03 01:50:00,0.9,0.0,19.9,0.0,1013.8,0.0,155.0,0.0,51.3,22.01923991,21.67396666,21.52304237,21.20279773,20.39183833
2024-05-03 02:00:00,1.0,0.0,19.6,0.0,1014.1,0.0,32.0,0.0,54.7,21.99316505,21.66238142,21.53584228,21.11268469,20.41805025
2024-05-03 02:10:00,0.6,0.0,19.6,0.0,1014.0,0.0,27.0,0.0,51.7,21.97355017,21.70179834,21.50781238,21.1555144,20.40170004
2024-05-03 02:20:00,0.0,0.0,19.6,0.0,1014.0,0.0,226.0,0.0,53.9,21.96120407,21.6882006,21.52496966,21.1778312,20.39484367
2024-05-03 02:30:00,0.9,0.0,19.5,0.0,1014.0,0.0,151.0,0.0,54.8,21.94522836,21.67671174,21.51163952,21.16731453,20.44336248
2024-05-03 02:40:00,0.0,0.0,19.4,0.0,1014.1,0.0,349.0,0.0,56.3,21.92654331,21.69222555,21.51983745,21.17281022,20.45277118
2024-05-03 02:50:00,0.0,0.0,19.2,0.0,1014.2,0.0,302.0,0.0,54.4,21.91925098,21.69129373,21.5147642,21.1558777,20.48127047
2024-05-03 03:00:00,1.2,0.0,18.9,0.0,1014.2,0.0,211.0,0.0,56.0,21.9026909,21.69069273,21.51808067,21.16664368,20.42982576
2024-05-03 03:10:00,0.6,0.0,18.9,0.0,1014.0,0.0,29.0,0.0,60.1,21.89349699,21.68553216,21.5125125,21.18842265,20.40476316
2024-05-03 03:20:00,1.3,0.0,19.3,0.0,1013.6,0.0,97.0,0.0,54.2,21.88062308,21.67888916,21.52062536,21.13787776,20.42288864
2024-05-03 03:30:00,1.4,0.0,19.3,0.0,1013.4,0.0,78.0,0.0,54.7,21.8586504,21.70120826,21.52212134,21.14138115,20.47737386
2024-05-03 03:40:00,1.0,0.0,19.3,0.0,1013.2,0.0,80.0,0.0,54.8,21.84005351,21.69145914,21.51284785,21.14886924,20.42508611
2024-05-03 03:50:00,0.0,0.0,19.1,0.0,1013.7,0.0,151.0,0.0,60.5,21.82119367,21.79523826,21.51728747,21.06550893,20.43142833
2024-05-03 04:00:00,0.0,0.0,19.0,0.0,1013.9,0.0,69.0,0.0,59.9,21.80998674,21.77354539,21.5142159,21.14257135,20.46376335
2024-05-03 04:10:00,0.0,0.0,18.8,0.0,1013.7,0.0,330.0,0.0,60.0,21.80723108,21.71297778,21.51998651,21.14638799,20.43588124
2024-05-03 04:20:00,0.0,0.0,18.9,0.0,1013.4,0.0,138.0,0.0,54.8,21.78588057,21.78970382,21.50805723,21.04956978,20.44701723
2024-05-03 04:30:00,0.2,0.0,19.0,0.0,1013.7,0.0,203.0,0.0,57.7,21.78585438,21.7210645,21.51730344,21.08151422,20.43460746
2024-05-03 04:40:00,0.8,0.0,18.8,0.0,1013.8,0.0,46.0,0.0,57.7,21.75506419,21.73740689,21.52987863,21.09126037,20.50762735
2024-05-03 04:50:00,0.2,0.0,18.8,0.0,1013.9,0.0,288.0,0.0,57.4,21.75859819,21.74476302,21.50201088,21.08860316,20.4408878
2024-05-03 05:00:00,0.5,0.0,18.8,0.0,1013.6,0.0,72.0,0.0,59.5,21.7332458,21.74474647,21.52416573,21.07929284,20.49290924
2024-05-03 05:10:00,0.2,0.0,18.7,0.0,1013.6,0.0,194.0,0.0,59.6,21.73150288,21.72814269,21.51093156,21.07889099,20.42796223
2024-05-03 05:20:00,0.3,0.0,18.8,0.0,1013.6,0.0,226.0,0.0,61.2,21.72255858,21.72011566,21.50384708,21.06043154,20.48286887
2024-05-03 05:30:00,0.0,0.0,18.7,0.0,1013.7,0.0,10.0,0.0,64.1,21.7032707,21.68878503,21.50696608,21.0611457,20.46847401
2024-05-03 05:40:00,0.6,0.0,19.0,0.0,1013.6,0.0,137.0,0.0,58.8,21.70489268,21.70441238,21.53319052,21.08860875,20.50607024
2024-05-03 05:50:00,0.0,0.0,19.1,0.0,1013.7,0.0,164.0,0.0,54.7,21.68097441,21.67735669,21.53028861,21.06722196,20.46941931
2024-05-03 06:00:00,0.65,0.0,19.0,0.0,1013.5,5.0,153.5,0.0,53.7,21.67953598,21.66223814,21.50611978,21.05750808,20.46926785
2024-05-03 06:10:00,1.3,0.0,18.9,0.0,1013.3,10.0,143.0,0.0,52.7,21.66696778,21.66565504,21.499733,21.09201401,20.47449592
2024-05-03 06:20:00,0.2,0.0,18.9,0.0,1013.5,16.0,334.0,0.01,52.3,21.63689662,21.64586736,21.52712594,21.02770789,20.4980344
2024-05-03 06:30:00,0.9,0.0,18.6,0.0,1013.8,22.0,344.0,0.02,57.1,21.63680775,21.63358267,21.54355855,21.05857925,20.45896943
2024-05-03 06:40:00,0.2,0.0,18.5,0.0,1013.9,43.0,177.0,0.04,60.0,21.63340446,21.62670328,21.52539558,21.02274001,20.52662864
2024-05-03 06:50:00,0.0,0.0,18.7,0.0,1013.8,43.0,129.0,0.06,54.0,21.61757655,21.61897113,21.55396547,21.05306182,20.46529872
2024-05-03 07:00:00,0.4,0.0,18.9,0.0,1013.9,45.0,74.0,0.09,52.3,21.61172288,21.60571763,21.56845477,21.06877322,20.48208533
2024-05-03 07:10:00,1.2,0.0,18.8,0.0,1013.8,43.0,160.0,0.12,51.7,21.60262438,21.6028713,21.50417707,21.07471641,20.47971389
2024-05-03 07:20:00,0.0,0.0,18.9,0.0,1013.9,43.0,158.0,0.14,55.1,21.59554904,21.58892795,21.55717203,21.02287939,20.48270171
2024-05-03 07:30:00,0.2,0.0,18.6,0.0,1013.9,43.0,183.0,0.17,54.5,21.58620153,21.58835003,21.54939028,21.0360612,20.47430267
2024-05-03 07:40:00,0.3,0.0,18.7,0.0,1013.9,54.0,189.0,0.2,56.1,21.57509979,21.57849326,21.55951046,21.07823241,20.43607961
2024-05-03 07:50:00,0.8,0.0,18.7,0.0,1013.9,48.0,157.0,0.23,53.6,21.57031997,21.57419005,21.57147555,21.00754929,20.45940285
2024-05-03 08:00:00,0.0,0.0,18.7,0.0,1014.2,36.0,52.0,0.25,61.9,21.56240123,21.56708109,21.56277587,21.06490631,20.49231367
2024-05-03 08:10:00,0.4,0.0,18.5,0.0,1014.3,36.0,333.0,0.27,61.0,21.56242735,21.5576185,21.54574739,21.07262366,20.50462812
2024-05-03 08:20:00,0.3,0.0,18.1,0.0,1014.4,43.0,253.0,0.3,62.3,21.53749033,21.54627091,21.54279168,21.00946671,20.47527415
2024-05-03 08:30:00,1.2,0.0,18.2,0.0,1014.5,63.0,199.0,0.33,65.9,21.55274933,21.54887796,21.51927847,21.04743897,20.48702172
2024-05-03 08:40:00,1.8,0.2,18.3,0.4,1014.5,108.0,172.0,0.38,58.5,21.55045142,21.54808044,21.53107664,21.05456804,20.50011381
2024-05-03 08:50:00,0.0,0.2,18.1,1.0,1014.8,107.0,269.0,0.44,69.6,21.53756865,21.53874191,21.51627069,21.03560949,20.50657708
2024-05-03 09:00:00,0.2,0.0,17.6,1.8,1014.9,108.0,279.0,0.51,74.6,21.53911427,21.53901687,21.5277755,21.01424383,20.50487892
2024-05-03 09:10:00,0.4,0.0,17.5,2.2,1014.7,60.0,38.0,0.56,70.4,21.53449839,21.53543143,21.51939559,21.04610586,20.50771095
2024-05-03 09:20:00,0.0,0.2,17.5,2.6,1014.7,51.0,213.0,0.59,68.3,21.50897989,21.5203497,21.52035917,21.05368662,20.5223587
2024-05-03 09:30:00,0.9,0.0,17.5,2.8,1014.5,60.0,203.0,0.63,65.4,21.51720155,21.51765597,21.51595662,21.04978175,20.52398407
2024-05-03 09:40:00,1.4,0.2,17.4,4.0,1014.9,65.0,184.0,0.67,65.5,21.50713209,21.52094894,21.50429949,21.01306762,20.50483712
2024-05-03 09:50:00,0.9,0.8,16.9,9.6,1014.9,57.0,146.0,0.7,72.6,21.50294076,21.50841024,21.49685382,21.05348579,20.50702645
2024-05-03 10:00:00,0.4,0.4,16.4,15.0,1015.0,70.0,197.0,0.74,77.1,21.49026887,21.49328053,21.48417308,21.04021604,20.54516932
2024-05-03 10:10:00,0.0,0.8,15.7,19.4,1015.0,87.0,306.0,0.79,85.1,21.48527475,21.48478587,21.47936854,21.04877211,20.51554922
2024-05-03 10:20:00,0.3,0.8,15.5,28.2,1014.8,84.0,178.0,0.84,83.2,21.4800409,21.48129715,21.47085635,21.13201135,20.51565373
2024-05-03 10:30:00,0.8,0.6,15.2,36.2,1014.6,109.0,164.0,0.9,85.1,21.47471346,21.46996986,21.4548989,21.10997616,20.55063252
2024-05-03 10:40:00,0.8,0.2,15.4,42.6,1014.3,105.0,77.0,0.96,81.0,21.46649077,21.46346672,21.44599628,21.11999001,20.51387176
2024-05-03 10:50:00,1.8,0.2,15.5,44.6,1014.1,94.0,174.0,1.02,79.8,21.45212388,21.44506522,21.43889737,21.00842996,20.56267385
2024-05-03 11:00:00,2.1,0.2,15.6,46.4,1014.0,116.0,121.0,1.08,81.3,21.44402859,21.43713749,21.43721714,21.12392235,20.52334646
2024-05-03 11:10:00,0.5,0.2,15.6,49.4,1014.3,187.0,261.0,1.18,84.5,21.43227304,21.42254207,21.41542044,21.22248727,20.5378717
2024-05-03 11:20:00,0.9,0.2,15.6,52.0,1014.3,183.0,16.0,1.29,83.0,21.42538423,21.41881009,21.41632938,21.00537556,20.53595331
2024-05-03 11:30:00,1.1,0.0,15.6,53.0,1014.4,192.0,153.0,1.4,82.8,21.43330041,21.42283844,21.41211434,21.0737063,20.56342682
2024-05-03 11:40:00,0.3,0.0,15.7,53.6,1014.8,163.0,224.0,1.51,85.7,21.44269336,21.42416665,21.41240135,21.0526769,20.5237907
2024-05-03 11:50:00,0.9,0.0,15.9,53.8,1014.7,118.0,63.0,1.61,84.5,21.43706059,21.42184505,21.41733401,21.17212253,20.5445629
2024-05-03 12:00:00,0.0,0.0,15.7,54.0,1014.8,123.0,152.0,1.68,84.2,21.43984564,21.42189993,21.40351497,21.14861217,20.5499215
2024-05-03 12:10:00,0.3,0.0,15.8,54.2,1014.6,98.0,156.0,1.75,81.8,21.43282062,21.4170759,21.40453004,21.06487842,20.52691088
2024-05-03 12:20:00,1.7,0.0,15.9,54.2,1014.6,118.0,195.0,1.81,82.6,21.42549374,21.41994612,21.417738,21.04702621,20.51391879
2024-05-03 12:30:00,0.9,0.0,15.9,54.2,1014.4,152.0,128.0,1.89,80.5,21.41988298,21.4163954,21.40981823,21.08911673,20.55161019
2024-05-03 12:40:00,2.4,0.0,15.9,54.2,1014.3,128.0,125.0,1.97,80.6,21.41049258,21.40814781,21.39980026,21.11980011,20.49834787
2024-05-03 12:50:00,0.8,0.0,15.9,54.4,1014.1,117.0,180.0,2.05,80.4,21.41180645,21.4082356,21.40956843,21.09442573,20.52902243
2024-05-03 13:00:00,1.6,0.4,15.8,56.6,1013.7,181.0,110.0,2.13,82.2,21.41554481,21.40786248,21.39967803,21.15791781,20.48542846
2024-05-03 13:10:00,0.0,0.4,15.7,60.4,1013.6,200.0,221.0,2.24,84.3,21.40280794,21.40042257,21.39381144,20.99262477,20.53352273
2024-05-03 13:20:00,0.6,0.4,15.8,63.4,1013.5,183.0,87.0,2.36,82.6,21.40372026,21.40429604,21.39359889,21.15838174,20.48565831
2024-05-03 13:30:00,0.0,0.2,15.9,65.2,1013.5,125.0,275.0,2.45,86.7,21.38636704,21.39760267,21.38179289,21.15847676,20.52204512
2024-05-03 13:40:00,1.0,0.2,15.9,66.6,1013.3,134.0,219.0,2.52,85.6,21.39847586,21.39093749,21.38806756,20.98764899,20.52107828
2024-05-03 13:50:00,1.2,0.4,15.8,69.2,1013.3,130.0,143.0,2.6,84.7,21.38743555,21.38957712,21.38812601,21.12933536,20.5304441
2024-05-03 14:00:00,0.9,0.2,16.0,70.8,1013.0,225.0,195.0,2.71,85.1,21.40150986,21.39326885,21.39909347,21.10272245,20.50366149
2024-05-03 14:10:00,0.9,0.2,16.0,72.4,1013.1,163.0,206.0,2.83,84.6,21.3962239,21.39550155,21.38767438,21.14529271,20.5300155
2024-05-03 14:20:00,2.1,0.0,16.0,73.0,1012.8,183.0,129.0,2.93,83.3,21.4019634,21.39453605,21.38827478,21.13527411,20.55920714
2024-05-03 14:30:00,1.1,0.0,15.9,73.2,1012.7,126.0,148.0,3.04,82.4,21.39340902,21.38969231,21.37393577,21.10667027,20.50891277
2024-05-03 14:40:00,0.6,0.0,15.9,73.4,1012.7,105.0,162.0,3.1,83.3,21.40041511,21.38516162,21.379365,21.05269922,20.49150915
2024-05-03 14:50:00,0.3,0.8,15.9,76.2,1012.8,131.0,190.0,3.18,83.3,21.39287734,21.38028575,21.37784031,21.13477127,20.48804561
2024-05-03 15:00:00,1.4,0.2,15.8,80.2,1012.3,152.0,105.0,3.28,83.4,21.3877952,21.37435737,21.37474322,21.09375022,20.49985258
2024-05-03 15:10:00,0.4,0.2,15.9,80.6,1012.3,92.0,178.0,3.34,85.1,21.35903867,21.37544319,21.36575555,21.11303094,20.49156661
2024-05-03 15:20:00,0.8,0.0,15.9,80.8,1012.2,107.0,100.0,3.4,83.9,21.37264442,21.36351672,21.36097536,21.1151867,20.50605979
2024-05-03 15:30:00,1.1,0.0,15.9,81.0,1012.0,206.0,154.0,3.49,82.5,21.37103413,21.36455848,21.36185701,21.13076552,20.51272735
2024-05-03 15:40:00,1.1,0.0,16.1,81.0,1012.3,98.0,166.0,3.6,82.8,21.38068072,21.37158807,21.37023861,21.11786198,20.47577557
2024-05-03 15:50:00,1.6,0.0,16.1,81.2,1012.3,60.0,178.0,3.64,81.8,21.3707423,21.36867085,21.35496342,21.07091604,20.49759553
2024-05-03 16:00:00,0.6,0.0,16.0,81.2,1012.4,42.0,206.0,3.67,82.2,21.35606873,21.35518334,21.34740146,21.12497251,20.47877369
2024-05-03 16:10:00,1.3,0.0,16.1,81.2,1012.3,54.0,90.0,3.7,80.9,21.35269771,21.35322626,21.33972353,21.12385531,20.4759636
2024-05-03 16:20:00,3.3,0.2,16.1,81.4,1011.8,96.0,162.0,3.74,81.6,21.33808978,21.33785696,21.33501419,21.17002037,20.48250844
2024-05-03 16:30:00,0.5,0.2,16.0,84.0,1011.9,98.0,271.0,3.8,82.7,21.33648015,21.33477152,21.32962566,21.09017737,20.48104064
2024-05-03 16:40:00,1.0,0.0,16.0,85.8,1011.9,66.0,142.0,3.85,82.9,21.33643327,21.3326836,21.31501774,21.20116985,20.53281186
2024-05-03 16:50:00,0.9,0.0,16.0,87.2,1012.1,48.0,124.0,3.89,85.5,21.31176646,21.32325873,21.30997576,21.19336679,20.46076581
2024-05-03 17:00:00,0.4,0.0,16.1,87.8,1012.3,32.0,48.0,3.91,82.8,21.31174563,21.31457494,21.30421244,21.1372408,20.4913263
2024-05-03 17:10:00,0.9,0.6,16.0,90.2,1012.4,35.0,160.0,3.92,83.3,21.31231847,21.30671405,21.29673041,21.26261629,20.44354
2024-05-03 17:20:00,0.0,0.2,15.8,97.0,1012.6,4.0,311.0,3.94,87.2,21.30338263,21.28747436,21.2865116,21.1101772,20.47540473
2024-05-03 17:30:00,2.3,0.0,15.8,98.8,1012.3,23.0,156.0,3.95,86.0,21.29344288,21.29364046,21.28842684,21.17132862,20.42496606
2024-05-03 17:40:00,0.0,0.6,15.8,101.2,1012.5,26.0,229.0,3.96,87.2,21.28904873,21.27718071,21.26814706,21.15867798,20.44267854
2024-05-03 17:50:00,0.0,0.2,15.5,105.8,1012.3,18.0,78.0,3.97,88.5,21.26894473,21.26528502,21.25638404,21.12294482,20.41070189
2024-05-03 18:00:00,0.95,0.2,15.45,107.7,1012.45,9.0,106.0,3.975,88.1,21.2708758,21.25986076,21.2580598,21.12009055,20.52618439
2024-05-03 18:10:00,1.9,0.2,15.4,109.6,1012.6,0.0,134.0,3.98,87.7,21.24687848,21.25452456,21.24391258,21.17780324,20.48862024
2024-05-03 18:20:00,2.7,0.2,15.5,111.6,1012.5,0.0,166.0,3.98,88.0,21.23721069,21.23788418,21.22319547,21.19857989,20.49272116
2024-05-03 18:30:00,1.1,0.0,15.5,112.6,1012.3,19.0,94.0,3.98,88.8,21.22056779,21.22618782,21.22717089,21.19973221,20.49559455
2024-05-03 18:40:00,1.9,0.0,15.5,113.0,1012.4,3.0,152.0,3.99,88.5,21.23153956,21.22664732,21.22746773,21.16411689,20.50967044
2024-05-03 18:50:00,1.2,0.2,15.5,113.4,1012.5,0.0,160.0,3.99,88.9,21.22427171,21.22633552,21.222199,21.10367727,20.48796203
2024-05-03 19:00:00,0.9,0.0,15.4,113.4,1012.9,0.0,195.0,3.99,88.9,21.2133893,21.21824567,21.19811856,21.02537722,20.44290304
2024-05-03 19:10:00,1.2,0.0,15.5,113.6,1012.8,0.0,181.0,3.99,88.5,21.19913814,21.199401,21.18681788,21.11289691,20.43296307
2024-05-03 19:20:00,0.0,0.4,15.5,117.0,1013.1,0.0,141.0,3.99,89.2,21.18720852,21.18588092,21.18537695,21.14890836,20.46885004
2024-05-03 19:30:00,0.0,0.2,15.5,121.6,1012.9,0.0,192.0,3.99,90.4,21.18219587,21.18530695,21.17460272,20.94967995,20.42197522
2024-05-03 19:40:00,0.4,0.2,15.5,123.1,1012.85,0.0,159.5,3.99,90.55,21.16562605,21.17282299,21.16450277,21.08563909,20.50271055
2024-05-03 19:50:00,0.8,0.2,15.5,124.6,1012.8,0.0,127.0,3.99,90.7,21.15558277,21.16347267,21.16178604,21.13209515,20.50901727
2024-05-03 20:00:00,0.9,0.0,15.4,124.8,1012.8,0.0,75.0,3.99,90.2,21.15821824,21.15214059,21.15038544,21.06156973,20.47186356
2024-05-03 20:10:00,0.0,0.0,15.4,125.2,1013.0,0.0,225.0,3.99,91.4,21.14560824,21.15417299,21.1483205,21.01820743,20.47598972
2024-05-03 20:20:00,0.0,0.0,15.3,125.4,1012.9,0.0,192.0,3.99,92.0,21.13784356,21.14612573,21.14222137,21.04250831,20.49509823
2024-05-03 20:30:00,0.4,0.0,15.3,125.4,1012.8,0.0,149.0,3.99,91.7,21.12416093,21.13701993,21.13414827,21.00016453,20.52913219
2024-05-03 20:40:00,0.5,0.0,15.4,125.6,1012.8,0.0,286.0,3.99,91.0,21.1211472,21.13024746,21.1208522,21.119303,20.52833251
2024-05-03 20:50:00,0.9,0.0,15.4,125.6,1013.1,0.0,88.0,3.99,91.2,21.11416926,21.11636085,21.11488781,21.11298068,20.51671457
2024-05-03 21:00:00,0.4,0.0,15.4,125.8,1013.2,0.0,88.0,3.99,91.7,21.11309898,21.11692324,21.11073367,21.1106463,20.48571577
2024-05-03 21:10:00,0.0,0.0,15.4,125.8,1013.3,0.0,80.0,3.99,91.8,21.10946219,21.1119984,21.10996638,21.06380154,20.49085613
2024-05-03 21:20:00,0.0,0.0,15.4,125.8,1013.5,0.0,185.0,3.99,91.8,21.09932677,21.10772362,21.09755323,21.05547179,20.49780974
2024-05-03 21:30:00,0.0,0.0,15.4,126.0,1013.5,0.0,262.0,3.99,92.2,21.09435041,21.0939787,21.09037939,21.08798912,20.47395795
2024-05-03 21:40:00,0.0,0.0,15.4,126.0,1013.5,0.0,213.0,3.99,92.7,21.09059495,21.09161541,21.09140569,21.06674208,20.50377644
2024-05-03 21:50:00,0.0,0.0,15.4,128.0,1013.6,0.0,215.0,3.99,92.7,21.08429986,21.08640341,21.07944019,21.03596082,20.51268555
2024-05-03 22:00:00,0.0,0.0,15.4,130.0,1013.5,0.0,49.0,3.99,93.0,21.06630528,21.06816227,21.07294519,21.03700368,20.48666128
2024-05-03 22:10:00,0.5,0.2,15.4,131.0,1013.6,0.0,215.0,3.99,93.2,21.05772736,21.06883333,21.06434079,21.0367583,20.48017877
2024-05-03 22:20:00,0.4,0.0,15.3,131.2,1013.5,0.0,86.0,3.99,93.1,21.05388004,21.05846285,21.05878843,21.05761966,20.49400634
2024-05-03 22:30:00,0.0,0.0,15.2,131.6,1013.3,0.0,84.0,3.99,93.5,21.05479383,21.05213015,21.05396617,21.04686445,20.5155858
2024-05-03 22:40:00,0.3,0.0,15.3,131.8,1013.5,0.0,207.0,3.99,93.9,21.05395792,21.04938129,21.04504693,21.04120321,20.49790901
2024-05-03 22:50:00,0.8,0.0,15.4,132.4,1013.2,0.0,327.0,3.99,94.3,21.04230275,21.04754332,21.04293757,20.99840906,20.47971389
2024-05-03 23:00:00,0.6,0.0,15.5,132.8,1013.3,0.0,89.0,3.99,94.3,21.04043392,21.0417462,21.03584339,21.00841881,20.5219406
2024-05-03 23:10:00,0.8,0.2,15.4,133.0,1013.3,0.0,324.0,3.99,94.5,21.02731168,21.02274997,21.02203773,21.00378712,20.47734252
2024-05-03 23:20:00,0.3,0.0,15.5,133.0,1013.3,0.0,247.0,3.99,94.5,21.0211198,21.02380213,21.02211172,21.01510788,20.48556951
2024-05-03 23:30:00,0.0,0.0,15.4,133.2,1013.2,0.0,233.0,3.99,94.3,21.01474672,21.02259188,21.01997663,21.00992935,20.46511594
2024-05-03 23:40:00,0.4,0.0,15.4,133.2,1013.0,0.0,270.0,3.99,94.3,21.01015922,21.00774916,21.01131012,21.00904866,20.47382737
2024-05-03 23:50:00,0.0,0.0,15.4,133.4,1013.0,0.0,301.0,3.99,94.5,20.99386621,21.00541652,20.99964374,20.9942686,20.46682368
2024-05-04 00:00:00,0.0,0.0,15.4,66.8,1012.8,0.0,315.5,1.995,94.55,21.00234442,21.0016725,20.99849728,20.98878563,20.47217693
2024-05-04 00:10:00,0.0,0.0,15.4,0.2,1012.6,0.0,330.0,0.0,94.6,20.99740994,20.99348224,20.98988099,20.9796263,20.4563637
2024-05-04 00:20:00,0.0,0.0,15.6,0.4,1012.4,0.0,48.0,0.0,94.5,20.98415931,20.98839318,20.98326761,20.96244841,20.45844723
2024-05-04 00:30:00,0.5,0.0,15.5,0.4,1012.0,0.0,359.0,0.0,94.3,20.98032043,20.97844514,20.97991891,20.9631,20.48406508
2024-05-04 00:40:00,0.0,0.0,15.4,0.6,1012.3,0.0,325.0,0.0,94.3,20.97632609,20.96964801,20.96717523,20.9664082,20.4480197
2024-05-04 00:50:00,0.2,0.0,15.5,0.8,1012.3,0.0,312.0,0.0,94.5,20.97205703,20.96855867,20.96521608,20.96139029,20.49950252
2024-05-04 01:00:00,0.0,0.0,15.5,1.0,1012.3,0.0,293.0,0.0,94.6,20.96020537,20.96896717,20.96503654,20.94723574,20.4577736
2024-05-04 01:10:00,0.3,0.0,15.6,1.0,1011.7,0.0,276.0,0.0,94.7,20.95549109,20.96273648,20.95986701,20.95584385,20.48142195
2024-05-04 01:20:00,1.1,0.0,15.5,1.2,1011.7,0.0,275.0,0.0,94.7,20.95128527,20.95408866,20.95367887,20.9295283,20.46420203
2024-05-04 01:30:00,0.2,0.0,15.5,1.2,1011.6,0.0,237.0,0.0,94.9,20.94424837,20.94954197,20.94816702,20.92834281,20.4758278
2024-05-04 01:40:00,0.0,0.0,15.5,1.2,1011.6,0.0,263.0,0.0,94.7,20.94565881,20.94537675,20.9422069,20.92369574,20.48718889
2024-05-04 01:50:00,0.0,0.0,15.6,1.4,1011.4,0.0,7.0,0.0,94.9,20.92557765,20.9367423,20.93239942,20.93033533,20.45375284
2024-05-04 02:00:00,0.0,0.0,15.6,1.4,1011.5,0.0,293.0,0.0,94.7,20.92609608,20.92318339,20.92780231,20.91952207,20.50014516
2024-05-04 02:10:00,0.0,0.0,15.5,1.4,1011.3,0.0,152.0,0.0,94.5,20.91460313,20.92399433,20.92454071,20.89869192,20.46141857
2024-05-04 02:20:00,0.0,0.0,15.6,1.6,1011.3,0.0,342.0,0.0,94.5,20.91629821,20.92028802,20.91783327,20.91116457,20.45407136
2024-05-04 02:30:00,0.5,0.0,15.6,1.6,1011.1,0.0,10.0,0.0,94.3,20.89711517,20.90972002,20.90977569,20.90718102,20.46688635
2024-05-04 02:40:00,0.3,0.0,15.6,1.8,1010.8,0.0,63.0,0.0,94.7,20.89030027,20.90580238,20.90325432,20.90336465,20.46464593
2024-05-04 02:50:00,0.0,0.0,15.5,1.8,1010.5,0.0,359.0,0.0,95.0,20.89681976,20.90070983,20.89406951,20.89512645,20.4723754
2024-05-04 03:00:00,0.3,0.0,15.5,2.0,1010.6,0.0,201.0,0.0,95.1,20.90046322,20.89754897,20.90184566,20.89905905,20.49444518
2024-05-04 03:10:00,0.0,0.0,15.6,2.2,1010.9,0.0,53.0,0.0,95.3,20.8844549,20.89210897,20.89339955,20.88290219,20.44838519
2024-05-04 03:20:00,0.0,0.0,15.6,2.4,1010.7,0.0,131.0,0.0,95.0,20.87379122,20.88248681,20.87935311,20.88153979,20.44390546
2024-05-04 03:30:00,0.6,0.0,15.6,2.4,1010.3,0.0,69.0,0.0,95.4,20.88704589,20.88442309,20.87836685,20.86833457,20.46587319
2024-05-04 03:40:00,0.4,0.0,15.6,2.6,1010.3,0.0,335.0,0.0,95.2,20.87309693,20.87472058,20.86975483,20.86017397,20.44211991
2024-05-04 03:50:00,0.0,0.0,15.7,2.6,1010.4,0.0,79.0,0.0,94.9,20.86977065,20.87356769,20.86629028,20.86108002,20.45264064
2024-05-04 04:00:00,0.0,0.0,15.7,2.6,1010.3,0.0,86.0,0.0,94.7,20.86096852,20.86397023,20.86392267,20.85680002,20.47225528
2024-05-04 04:10:00,0.0,0.0,15.7,2.8,1010.1,0.0,164.0,0.0,94.3,20.85876683,20.85753289,20.8569785,20.85333735,20.49098673
2024-05-04 04:20:00,0.3,0.0,15.6,2.8,1010.2,0.0,167.0,0.0,93.9,20.85226569,20.85517343,20.85070983,20.84302848,20.43956173
2024-05-04 04:30:00,1.2,0.0,15.8,2.8,1010.0,0.0,24.0,0.0,93.7,20.84681132,20.85048741,20.8413474,20.83864989,20.47733207
2024-05-04 04:40:00,0.2,0.6,15.8,7.4,1010.3,0.0,263.0,0.0,93.5,20.84311829,20.84442655,20.84372479,20.8303271,20.46238468
2024-05-04 04:50:00,0.2,0.2,15.8,14.8,1010.5,0.0,155.0,0.0,93.7,20.82977183,20.8373065,20.83042088,20.82878269,20.4754204
2024-05-04 05:00:00,0.0,0.2,15.7,15.8,1010.5,0.0,258.0,0.0,93.9,20.83274444,20.83401308,20.83170689,20.82741053,20.515058
2024-05-04 05:10:00,0.0,0.0,15.8,16.0,1010.4,0.0,206.0,0.0,94.3,20.82594486,20.82678013,20.8247132,20.82268325,20.41147427
2024-05-04 05:20:00,0.0,0.0,15.8,16.2,1010.5,0.0,26.0,0.0,94.5,20.81850891,20.81813543,20.81769913,20.81485165,20.45240567
2024-05-04 05:30:00,0.4,0.0,15.8,16.2,1010.3,0.0,39.0,0.0,94.3,20.80915273,20.81592962,20.80236126,20.79281815,20.42992494
2024-05-04 05:40:00,0.3,0.0,15.9,16.4,1010.4,0.0,178.0,0.0,94.3,20.80846412,20.80878031,20.80467937,20.7970709,20.46864113
2024-05-04 05:50:00,0.4,0.0,15.8,16.4,1010.5,0.0,152.0,0.0,93.8,20.8034991,20.80319618,20.79943211,20.79303466,20.44931458
2024-05-04 06:00:00,0.0,0.2,15.9,16.6,1011.0,0.0,337.0,0.0,93.5,20.79526783,20.79960045,20.79347409,20.78327011,20.453356
2024-05-04 06:10:00,0.3,0.0,15.9,16.6,1010.9,0.0,140.0,0.0,93.7,20.78732718,20.79067721,20.79049263,20.77590484,20.45703732
2024-05-04 06:20:00,0.5,0.0,15.9,16.8,1011.2,0.0,135.0,0.0,93.8,20.78683545,20.78752207,20.78108555,20.77087683,20.42154722
2024-05-04 06:30:00,0.5,0.2,15.8,17.2,1011.3,0.0,30.0,0.0,93.9,20.77838316,20.77883408,20.7792896,20.77013876,20.44419784
2024-05-04 06:40:00,0.0,0.2,15.9,18.0,1011.1,0.0,198.0,0.0,94.2,20.77362167,20.7714014,20.77065284,20.76727536,20.44357132
2024-05-04 06:50:00,0.0,0.2,15.9,19.4,1011.2,0.0,57.0,0.0,94.6,20.76580198,20.76471873,20.76429708,20.76313592,20.44777952
2024-05-04 07:00:00,0.8,0.0,15.8,20.2,1011.1,10.0,158.0,0.0,94.6,20.75927144,20.76476216,20.76284381,20.75789826,20.43272815
2024-05-04 07:10:00,0.2,0.6,15.9,26.2,1011.1,38.0,112.0,0.01,94.7,20.75346576,20.76370906,20.76241205,20.75924092,20.46275023
2024-05-04 07:20:00,1.0,0.4,15.8,29.6,1011.1,35.0,147.0,0.03,95.0,20.75504392,20.75688612,20.75170307,20.75150167,20.44081471
2024-05-04 07:30:00,0.0,0.0,15.8,30.6,1010.9,50.0,8.0,0.05,95.2,20.74938339,20.74912507,20.74805481,20.74730241,20.45839501
2024-05-04 07:40:00,0.9,0.0,15.8,30.8,1011.1,51.0,342.0,0.08,95.0,20.74406469,20.74059448,20.74004825,20.73901579,20.44378016
2024-05-04 07:50:00,0.2,0.0,15.8,31.0,1011.1,87.0,52.0,0.13,94.9,20.75165998,20.74614574,20.7366585,20.72086616,20.48707396
2024-05-04 08:00:00,0.3,0.0,16.2,31.2,1010.9,63.0,68.0,0.17,94.7,20.74432337,20.74389913,20.74179583,20.72597828,20.43852282
2024-05-04 08:10:00,0.0,0.0,15.9,31.4,1011.0,39.0,1.0,0.2,94.3,20.7429627,20.74488133,20.74255909,20.71616477,20.44254802
2024-05-04 08:20:00,0.4,0.2,16.0,31.7,1011.05,41.0,81.0,0.23,93.7,20.73082622,20.73570567,20.72780591,20.71357585,20.4240474
2024-05-04 08:30:00,0.8,0.4,16.1,32.0,1011.1,43.0,161.0,0.26,93.1,20.73561129,20.73210306,20.72914794,20.72504675,20.45687022
2024-05-04 08:40:00,0.0,0.2,16.2,35.0,1011.0,22.0,202.0,0.28,93.1,20.73124005,20.73094203,20.72454305,20.71947455,20.4568911
2024-05-04 08:50:00,0.0,0.2,16.3,35.4,1011.2,31.0,266.0,0.3,93.4,20.72786736,20.72713898,20.71996477,20.71474002,20.43259765
2024-05-04 09:00:00,0.5,0.2,16.2,35.6,1011.2,35.0,155.0,0.31,93.4,20.72062064,20.71648519,20.71707587,20.70666898,20.4555961
2024-05-04 09:10:00,0.6,0.0,16.3,36.2,1011.2,48.0,355.0,0.34,93.5,20.71668976,20.72084629,20.71431863,20.69936394,20.45449432
2024-05-04 09:20:00,0.3,0.0,16.1,36.8,1011.2,48.0,331.0,0.37,93.2,20.71129026,20.71547632,20.70826782,20.70274475,20.43381397
2024-05-04 09:30:00,0.4,0.0,16.1,37.4,1010.8,92.0,139.0,0.42,93.2,20.70711673,20.71218948,20.7080521,20.70119288,20.46043159
2024-05-04 09:40:00,0.0,0.2,16.5,37.8,1010.5,78.0,70.0,0.47,93.7,20.7133021,20.70603934,20.70816259,20.7046514,20.42920458
2024-05-04 09:50:00,0.8,0.0,16.4,37.8,1010.9,77.0,327.0,0.51,93.5,20.70844065,20.70877808,20.70829413,20.70035599,20.47198891
2024-05-04 10:00:00,0.0,0.2,16.4,39.6,1010.5,92.0,325.0,0.56,94.1,20.69856341,20.70506318,20.70831517,20.68149898,20.46452581
2024-05-04 10:10:00,0.4,0.8,16.5,45.4,1010.9,85.0,212.0,0.62,94.3,20.71259356,20.70119667,20.70074448,20.69721917,20.44383237
2024-05-04 10:20:00,0.0,0.6,16.6,51.0,1010.6,85.0,58.0,0.67,94.5,20.69981481,20.69396321,20.68965034,20.68225248,20.4499307
2024-05-04 10:30:00,0.5,0.2,16.5,55.0,1010.7,81.0,27.0,0.72,94.5,20.70575145,20.70410873,20.69193846,20.67980921,20.46691246
2024-05-04 10:40:00,0.9,0.4,16.5,58.4,1010.3,112.0,335.0,0.77,94.3,20.70675989,20.69316617,20.68432219,20.67274596,20.47285068
2024-05-04 10:50:00,0.3,0.4,16.5,62.4,1010.0,103.0,103.0,0.84,94.5,20.69621061,20.69498799,20.69087066,20.66641474,20.45257276
2024-05-04 11:00:00,0.0,0.4,16.6,65.6,1010.3,152.0,250.0,0.91,94.3,20.69668634,20.69095946,20.68860361,20.67929398,20.44801448
2024-05-04 11:10:00,0.0,0.2,16.7,68.4,1010.4,123.0,328.0,1.0,94.1,20.69536776,20.6904227,20.68206586,20.66914544,20.45391471
2024-05-04 11:20:00,0.5,0.0,16.7,68.8,1010.4,69.0,251.0,1.05,93.9,20.68988164,20.68567343,20.68515846,20.66683016,20.4218082
2024-05-04 11:30:00,0.2,0.0,16.7,68.8,1011.0,72.0,255.0,1.09,94.1,20.69824797,20.68670892,20.68266544,20.6718098,20.46370068
2024-05-04 11:40:00,0.0,0.0,16.7,69.0,1010.9,98.0,236.0,1.14,94.2,20.69275651,20.68918656,20.68271277,20.67028096,20.43074971
2024-05-04 11:50:00,1.6,0.2,16.6,69.2,1011.0,186.0,200.0,1.21,94.3,20.69983549,20.68259962,20.67995687,20.67162701,20.42790481
2024-05-04 12:00:00,0.5,0.0,16.9,70.4,1010.7,135.0,235.0,1.32,94.3,20.6948817,20.690298,20.68264966,20.66202819,20.42230927
2024-05-04 12:10:00,0.2,0.2,16.6,72.0,1010.4,190.0,198.0,1.41,93.7,20.6964433,20.69246674,20.67876829,20.66625412,20.44768032
2024-05-04 12:20:00,0.6,0.0,16.6,72.6,1010.1,218.0,7.0,1.53,93.5,20.72157753,20.6923583,20.67953087,20.67311157,20.42442321
2024-05-04 12:30:00,0.2,0.2,16.6,74.0,1009.6,193.0,334.0,1.65,92.7,20.70811484,20.69087813,20.68313879,20.67198706,20.45285995
2024-05-04 12:40:00,0.9,0.0,16.7,74.8,1009.3,174.0,55.0,1.75,93.3,20.71439855,20.69537838,20.68259707,20.66991538,20.45580497
2024-05-04 12:50:00,0.2,0.0,16.5,74.8,1009.3,121.0,356.0,1.86,92.5,20.71767764,20.69279205,20.6876884,20.67601433,20.42951256
2024-05-04 13:00:00,0.9,0.0,16.6,75.0,1009.3,123.0,38.0,1.92,92.7,20.71049381,20.69711351,20.6891033,20.67551575,20.4332032
2024-05-04 13:10:00,0.3,0.2,16.8,75.4,1009.0,123.0,182.0,2.0,92.9,20.70664612,20.70287773,20.68891921,20.66209465,20.4351817
2024-05-04 13:20:00,0.5,0.4,16.8,80.2,1009.1,220.0,11.0,2.1,92.8,20.71757937,20.70103941,20.69275905,20.66524607,20.43275948
2024-05-04 13:30:00,0.0,0.2,17.0,81.6,1009.3,194.0,181.0,2.23,92.7,20.73005546,20.70269336,20.69618352,20.66374511,20.44977928
2024-05-04 13:40:00,0.6,0.2,16.9,82.6,1009.2,163.0,208.0,2.33,92.5,20.72699834,20.69792687,20.6908128,20.66116421,20.4239169
2024-05-04 13:50:00,0.5,0.0,17.0,83.4,1009.2,189.0,309.0,2.44,91.6,20.72762941,20.70537772,20.69036044,20.67302293,20.44175445
2024-05-04 14:00:00,0.9,0.0,17.0,84.0,1009.2,117.0,4.0,2.55,91.3,20.73089864,20.71305185,20.69153343,20.66971597,20.44015689
2024-05-04 14:10:00,0.0,0.0,17.1,84.6,1009.1,206.0,276.0,2.65,91.7,20.74200041,20.71511292,20.69382688,20.66570024,20.39621072
2024-05-04 14:20:00,0.0,0.0,17.3,85.0,1009.1,184.0,197.0,2.77,92.0,20.74013795,20.72083002,20.69554701,20.66986553,20.42303479
2024-05-04 14:30:00,0.2,0.0,17.1,85.2,1009.3,69.0,226.0,2.83,91.0,20.72723629,20.7094777,20.6934008,20.66651444,20.41927678
2024-05-04 14:40:00,1.3,0.0,17.1,85.2,1009.0,102.0,84.0,2.89,91.4,20.73463874,20.71521597,20.69602045,20.66486944,20.44512196
2024-05-04 14:50:00,2.3,0.0,16.9,85.2,1009.3,66.0,221.0,2.94,90.7,20.73475255,20.71193457,20.69178592,20.66795455,20.4357194
2024-05-04 15:00:00,0.4,0.0,16.9,85.4,1009.2,62.0,120.0,2.98,90.4,20.73190736,20.70545364,20.6961204,20.67362674,20.40336465
2024-05-04 15:10:00,0.4,0.0,16.7,85.4,1009.2,111.0,165.0,3.02,90.7,20.72754148,20.71169593,20.68945572,20.67120602,20.40547808
2024-05-04 15:20:00,0.0,0.0,16.9,85.4,1009.2,193.0,226.0,3.14,91.4,20.74322655,20.72385694,20.69359543,20.67189843,20.38998614
2024-05-04 15:30:00,0.5,0.0,17.2,85.4,1009.1,114.0,216.0,3.25,91.8,20.73916017,20.71521597,20.6907339,20.66827027,20.41440208
2024-05-04 15:40:00,0.0,0.2,17.0,85.6,1009.1,48.0,216.0,3.3,91.8,20.73321096,20.70883232,20.6910232,20.67260748,20.36135313
2024-05-04 15:50:00,0.8,0.2,16.8,86.0,1009.4,50.0,155.0,3.33,91.6,20.72552931,20.71075765,20.69880854,20.67219202,20.35615347
2024-05-04 16:00:00,0.0,0.0,16.6,87.4,1009.5,36.0,281.0,3.35,92.7,20.71741903,20.71208101,20.69598889,20.66754467,20.38370988
2024-05-04 16:10:00,1.3,0.0,16.6,88.4,1008.9,128.0,55.0,3.4,93.0,20.7197517,20.7113217,20.69106528,20.66561716,20.42160986
2024-05-04 16:20:00,0.0,0.2,16.7,89.0,1008.7,152.0,264.0,3.51,93.4,20.72311374,20.71932746,20.69532081,20.66893496,20.39559503
2024-05-04 16:30:00,0.3,0.0,16.6,89.2,1009.1,72.0,183.0,3.57,92.7,20.72253442,20.71426136,20.69687791,20.65104119,20.37235336
2024-05-04 16:40:00,0.3,0.0,16.5,89.2,1008.8,105.0,11.0,3.62,92.6,20.71877931,20.71707099,20.69470535,20.66505775,20.37969813
2024-05-04 16:50:00,0.2,0.0,16.7,89.2,1008.6,69.0,54.0,3.67,92.4,20.71354001,20.71260168,20.69386896,20.66424912,20.39421755
2024-05-04 17:00:00,0.9,0.0,16.7,89.4,1008.4,51.0,54.0,3.71,92.2,20.71009558,20.71087697,20.69908209,20.66510206,20.38191004
2024-05-04 17:10:00,0.0,0.0,16.7,89.4,1008.9,23.0,196.0,3.72,92.4,20.70231766,20.70203177,20.69715671,20.66166266,20.32218415
2024-05-04 17:20:00,0.8,0.0,16.7,89.4,1008.7,22.0,20.0,3.74,92.1,20.6992615,20.69648452,20.69965025,20.66471436,20.4166515
2024-05-04 17:30:00,0.3,0.0,16.6,89.4,1008.2,63.0,39.0,3.76,92.2,20.69455593,20.69396321,20.69008166,20.64680536,20.40628694
2024-05-04 17:40:00,0.9,0.0,16.8,89.4,1008.1,58.0,114.0,3.8,91.8,20.69272031,20.69343185,20.69291685,20.6552109,20.39017396
2024-05-04 17:50:00,0.9,0.0,16.7,89.4,1008.2,42.0,160.0,3.82,91.4,20.69236354,20.69235288,20.68667852,20.66043316,20.40614604
2024-05-04 18:00:00,0.85,0.0,16.7,89.5,1007.95,23.0,93.5,3.835,90.85,20.68221922,20.68671434,20.67551294,20.64784076,20.36363233
2024-05-04 18:10:00,0.8,0.0,16.7,89.6,1007.7,4.0,27.0,3.85,90.3,20.66979115,20.6805017,20.67627549,20.67708352,20.37945816
2024-05-04 18:20:00,0.3,0.0,16.7,89.6,1008.1,4.0,324.0,3.85,90.7,20.67019953,20.67188312,20.67236291,20.65771398,20.3772724
2024-05-04 18:30:00,0.6,0.0,16.8,89.6,1007.9,20.0,325.0,3.86,91.0,20.65985097,20.66899969,20.66798782,20.66448727,20.34270998
2024-05-04 18:40:00,0.3,0.0,16.8,89.6,1008.6,0.0,205.0,3.87,90.9,20.66701523,20.66546063,20.66448057,20.66038332,20.39697253
2024-05-04 18:50:00,0.0,0.0,16.7,89.6,1009.0,0.0,22.0,3.87,92.1,20.66098295,20.66003591,20.65613644,20.64714865,20.34376848
2024-05-04 19:00:00,0.4,0.0,16.8,89.6,1009.0,0.0,232.0,3.87,91.7,20.65726143,20.65749984,20.6573299,20.63006459,20.36908286
2024-05-04 19:10:00,0.3,0.0,16.7,89.6,1009.2,0.0,360.0,3.87,91.0,20.65338502,20.65489344,20.65284007,20.65005557,20.33870554
2024-05-04 19:20:00,0.0,0.0,16.8,89.6,1009.4,0.0,158.0,3.87,90.9,20.64936923,20.64890075,20.64627933,20.64719848,20.33014985
2024-05-04 19:30:00,0.0,0.0,16.8,89.6,1009.8,0.0,322.0,3.87,90.7,20.64251644,20.63960403,20.63861538,20.6165661,20.36373143
2024-05-04 19:40:00,0.0,0.0,16.8,89.6,1010.1,0.0,229.0,3.87,91.3,20.64055786,20.6410017,20.63754312,20.6257529,20.41309212
2024-05-04 19:50:00,0.0,0.0,16.7,89.8,1010.0,0.0,205.0,3.87,91.2,20.63546781,20.63688463,20.63302826,20.62778971,20.40613038
2024-05-04 20:00:00,0.0,0.0,16.8,89.8,1010.0,0.0,131.0,3.87,90.8,20.63118413,20.63205284,20.629775,20.62623442,20.35694096
2024-05-04 20:10:00,0.0,0.0,16.8,89.8,1010.0,0.0,182.0,3.87,90.3,20.62855408,20.63019498,20.6278988,20.6129914,20.34519722
2024-05-04 20:20:00,0.0,0.0,16.9,89.8,1010.1,0.0,172.0,3.87,90.2,20.62235387,20.62388517,20.6182295,20.61635581,20.36212503
2024-05-04 20:30:00,0.0,0.0,16.9,89.8,1010.0,0.0,28.0,3.87,89.5,20.61786416,20.6129515,20.61283313,20.61129268,20.34044703
2024-05-04 20:40:00,0.0,0.0,16.9,89.8,1010.4,0.0,225.0,3.87,89.6,20.61339016,20.6165471,20.60858779,20.60920116,20.33190158
2024-05-04 20:50:00,0.9,0.0,16.9,89.8,1010.3,0.0,59.0,3.87,90.4,20.61188682,20.60855475,20.61017976,20.60649558,20.32793418
2024-05-04 21:00:00,0.0,0.0,16.8,89.8,1010.6,0.0,191.0,3.87,89.9,20.60636964,20.60804037,20.60168438,20.59320202,20.3472778
2024-05-04 21:10:00,0.0,0.0,16.7,89.8,1010.4,0.0,73.0,3.87,89.7,20.58935528,20.59808396,20.59622097,20.58507147,20.34548401
2024-05-04 21:20:00,0.2,0.0,16.9,89.8,1010.6,0.0,46.0,3.87,88.7,20.59990752,20.59099797,20.59399371,20.59378835,20.34667813
2024-05-04 21:30:00,0.6,0.0,16.9,89.8,1010.5,0.0,179.0,3.87,88.9,20.59131791,20.59197773,20.58985978,20.5791983,20.3554077
2024-05-04 21:40:00,0.0,0.0,16.9,89.8,1010.7,0.0,241.0,3.87,89.5,20.5875218,20.58721442,20.58285315,20.57098136,20.33421643
2024-05-04 21:50:00,0.0,0.0,16.8,89.8,1010.9,0.0,359.0,3.87,90.9,20.57380032,20.58543368,20.58448657,20.57596336,20.36011186
2024-05-04 22:00:00,0.8,0.0,16.7,89.8,1010.4,0.0,69.0,3.87,91.4,20.57630484,20.57582727,20.57751196,20.56854305,20.33131245
2024-05-04 22:10:00,0.0,0.0,16.7,89.8,1010.6,0.0,246.0,3.87,90.6,20.57236994,20.57670396,20.57188236,20.57235261,20.33559806
2024-05-04 22:20:00,0.0,0.0,16.7,89.8,1010.5,0.0,180.0,3.87,91.2,20.56815121,20.56644961,20.56570186,20.56779666,20.33150014
2024-05-04 22:30:00,0.0,0.0,16.7,89.8,1010.1,0.0,52.0,3.87,91.7,20.55895021,20.56556765,20.56511377,20.56362807,20.33193808
2024-05-04 22:40:00,0.0,0.0,16.7,89.8,1010.3,0.0,243.0,3.87,91.8,20.55061228,20.56653619,20.55825131,20.55803912,20.33478993
2024-05-04 22:50:00,0.0,0.0,16.6,90.0,1010.2,0.0,226.0,3.87,91.8,20.55582662,20.55152297,20.55296447,20.55098603,20.32162116
2024-05-04 23:00:00,0.3,0.0,16.6,90.0,1010.5,0.0,233.0,3.87,92.8,20.54690564,20.55038699,20.54843919,20.54899077,20.32495746
2024-05-04 23:10:00,0.5,0.0,16.6,90.0,1010.2,0.0,343.0,3.87,93.0,20.54969851,20.55065746,20.54869642,20.54587918,20.32499916
2024-05-04 23:20:00,0.5,0.0,16.6,90.0,1010.2,0.0,31.0,3.87,92.6,20.54378247,20.54250598,20.53797756,20.53510883,20.32705835
2024-05-04 23:30:00,0.0,0.0,16.4,90.0,1010.1,0.0,350.0,3.87,93.2,20.53716996,20.54173795,20.52907614,20.53434631,20.35526168
2024-05-04 23:40:00,0.0,0.0,16.2,90.0,1010.0,0.0,211.0,3.87,93.4,20.53275157,20.5323168,20.53149033,20.52763327,20.348352
2024-05-04 23:50:00,0.0,0.0,16.2,90.0,1009.7,0.0,159.0,3.87,93.5,20.53284448,20.52797447,20.52782709,20.52798686,20.32830432
2024-05-05 00:00:00,0.0,0.0,16.25,45.0,1009.7,0.0,150.0,1.935,93.7,20.51971443,20.52303767,20.52319844,20.5194185,20.43263419
2024-05-05 00:10:00,0.0,0.0,16.3,0.0,1009.7,0.0,141.0,0.0,93.9,20.51061638,20.51939345,20.52246901,20.52278823,20.32945126
2024-05-05 00:20:00,0.0,0.0,16.2,0.0,1009.5,0.0,286.0,0.0,93.9,20.51875969,20.51573323,20.51334914,20.51710401,20.34597417
2024-05-05 00:30:00,0.0,0.0,16.3,0.0,1009.9,0.0,211.0,0.0,93.8,20.50886706,20.50681876,20.51137629,20.50971926,20.35266461
2024-05-05 00:40:00,0.0,0.0,16.3,0.2,1009.6,0.0,114.0,0.0,93.9,20.5074377,20.51166777,20.50927233,20.50928294,20.32175669
2024-05-05 00:50:00,0.0,0.0,16.2,0.2,1009.5,0.0,204.0,0.0,93.5,20.50788147,20.50483494,20.50205847,20.50113718,20.31993221
2024-05-05 01:00:00,0.0,0.0,16.4,0.2,1009.5,0.0,83.0,0.0,93.1,20.50145733,20.50024591,20.4989528,20.49881793,20.34867531
2024-05-05 01:10:00,0.0,0.0,16.3,0.2,1009.5,0.0,313.0,0.0,92.6,20.48848142,20.49993242,20.49541186,20.49140802,20.32174105
2024-05-05 01:20:00,0.0,0.0,16.4,0.2,1009.5,0.0,207.0,0.0,92.8,20.48531898,20.49102023,20.49075383,20.48623493,20.34920721
2024-05-05 01:30:00,0.0,0.0,16.4,0.2,1009.3,0.0,227.0,0.0,93.0,20.48724326,20.48798854,20.48455409,20.48470573,20.32623988
2024-05-05 01:40:00,0.0,0.0,16.4,0.2,1009.5,0.0,225.0,0.0,92.7,20.47364007,20.48563246,20.48464325,20.47969887,20.3436277
2024-05-05 01:50:00,0.0,0.0,16.4,0.2,1009.5,0.0,270.0,0.0,92.2,20.47964441,20.47877549,20.47803496,20.47247919,20.30877772
2024-05-05 02:00:00,0.0,0.0,16.5,0.2,1009.4,0.0,232.0,0.0,91.7,20.47241242,20.47742472,20.46630936,20.4698576,20.34061388
2024-05-05 02:10:00,0.0,0.0,16.5,0.2,1009.5,0.0,220.0,0.0,91.4,20.46845622,20.47069831,20.47002191,20.46004015,20.33830406
2024-05-05 02:20:00,0.0,0.0,16.6,0.2,1009.6,0.0,203.0,0.0,90.7,20.46508301,20.46464788,20.4635041,20.45619422,20.33761582
2024-05-05 02:30:00,0.0,0.0,16.4,0.4,1009.4,0.0,270.0,0.0,90.7,20.45290645,20.45960269,20.45793585,20.45499139,20.33688588
2024-05-05 02:40:00,0.0,0.0,16.6,0.4,1009.4,0.0,357.0,0.0,90.4,20.45007528,20.45113376,20.45629482,20.44543035,20.32703229
2024-05-05 02:50:00,0.2,0.0,16.5,0.4,1009.1,0.0,25.0,0.0,90.6,20.45036922,20.45019944,20.4519696,20.44629646,20.3302854
2024-05-05 03:00:00,0.0,0.0,16.4,0.4,1009.0,0.0,244.0,0.0,90.4,20.4490336,20.44726155,20.44598287,20.4383034,20.36754937
2024-05-05 03:10:00,0.0,0.0,16.4,0.4,1009.2,0.0,226.0,0.0,91.2,20.44309314,20.44658651,20.43963496,20.43557863,20.3423867
2024-05-05 03:20:00,0.0,0.0,16.4,0.4,1009.2,0.0,237.0,0.0,91.4,20.43844727,20.43948546,20.43672591,20.42633529,20.32965979
2024-05-05 03:30:00,0.6,0.0,16.4,0.4,1009.3,0.0,348.0,0.0,91.7,20.43486892,20.43619712,20.43298886,20.42555772,20.36156175
2024-05-05 03:40:00,0.5,0.0,16.5,0.4,1009.4,0.0,202.0,0.0,91.0,20.43284263,20.43401578,20.43263771,20.4201151,20.33825192
2024-05-05 03:50:00,0.2,0.0,16.4,0.4,1009.3,0.0,355.0,0.0,90.4,20.4097677,20.42794193,20.42346106,20.42371588,20.34837808
2024-05-05 04:00:00,0.2,0.0,16.5,0.4,1009.3,0.0,131.0,0.0,90.2,20.41738653,20.42376346,20.41592041,20.41030648,20.32911239
2024-05-05 04:10:00,0.0,0.0,16.4,0.4,1009.3,0.0,240.0,0.0,90.3,20.41799998,20.41690792,20.41048682,20.41102318,20.33288173
2024-05-05 04:20:00,0.0,0.0,16.4,0.4,1009.4,0.0,232.0,0.0,91.0,20.41099966,20.41156976,20.41010957,20.40095711,20.3252546
2024-05-05 04:30:00,0.0,0.0,16.3,0.4,1009.7,0.0,235.0,0.0,91.3,20.40458231,20.40926516,20.40629007,20.40420937,20.33901316
2024-05-05 04:40:00,0.3,0.0,16.3,0.4,1009.5,0.0,9.0,0.0,91.0,20.40371124,20.40454288,20.4028637,20.39977753,20.36506665
2024-05-05 04:50:00,0.0,0.0,16.3,0.4,1009.5,0.0,30.0,0.0,90.9,20.39805202,20.40040375,20.39974657,20.39654758,20.32855978
2024-05-05 05:00:00,0.0,0.0,16.3,0.6,1009.5,0.0,185.0,0.0,90.9,20.39303736,20.39393928,20.38980934,20.38968043,20.31383353
2024-05-05 05:10:00,0.2,0.0,16.4,0.6,1009.6,0.0,190.0,0.0,91.2,20.39228493,20.39380979,20.3886046,20.38538752,20.34380498
2024-05-05 05:20:00,0.0,0.0,16.3,0.6,1009.7,0.0,250.0,0.0,91.0,20.38621415,20.38643422,20.38507431,20.38132637,20.3593139
2024-05-05 05:30:00,0.0,0.0,16.2,0.6,1009.6,0.0,225.0,0.0,91.4,20.38084974,20.37940478,20.38078476,20.37812504,20.32146477
2024-05-05 05:40:00,0.0,0.0,16.2,0.6,1009.7,0.0,280.0,0.0,91.3,20.37442418,20.37707439,20.37430117,20.37307824,20.3160019
2024-05-05 05:50:00,0.0,0.0,16.2,0.6,1009.8,0.0,230.0,0.0,90.9,20.36697893,20.37076876,20.36874501,20.36752508,20.32695409
2024-05-05 06:00:00,0.0,0.0,16.15,0.6,1009.8,2.0,227.0,0.0,90.65,20.36253783,20.36366019,20.36776579,20.36104159,20.29237202
2024-05-05 06:10:00,0.0,0.0,16.1,0.6,1009.8,4.0,224.0,0.0,90.4,20.36331062,20.36295908,20.36067075,20.36011622,20.32398262
2024-05-05 06:20:00,0.0,0.0,16.1,0.6,1009.9,6.0,169.0,0.0,90.8,20.35965792,20.35869869,20.3578591,20.35409071,20.31829021
2024-05-05 06:30:00,0.0,0.0,16.1,0.6,1010.2,4.0,226.0,0.0,91.4,20.3546505,20.35777654,20.35016822,20.3537823,20.31796182
2024-05-05 06:40:00,0.0,0.0,16.3,0.6,1010.2,10.0,225.0,0.0,92.1,20.34323027,20.35382386,20.34824693,20.34875973,20.31839968
2024-05-05 06:50:00,0.0,0.0,16.3,0.6,1010.1,26.0,2.0,0.02,92.5,20.34612511,20.34852345,20.34505886,20.34721781,20.31790448
2024-05-05 07:00:00,0.2,0.0,16.2,0.6,1010.3,31.0,341.0,0.04,91.4,20.34804648,20.347375,20.34395956,20.34412858,20.30315416
2024-05-05 07:10:00,0.0,0.0,16.3,0.6,1010.2,59.0,37.0,0.06,91.2,20.3442553,20.34484633,20.3408659,20.34059904,20.33739163
2024-05-05 07:20:00,0.0,0.0,16.5,0.6,1010.5,57.0,226.0,0.1,91.4,20.33945474,20.34210749,20.34238392,20.33925005,20.30318022
2024-05-05 07:30:00,0.0,0.0,16.5,0.6,1010.7,77.0,207.0,0.13,91.0,20.34186014,20.34396212,20.34248862,20.33730646,20.30648968
2024-05-05 07:40:00,1.1,0.0,16.6,0.6,1010.9,72.0,203.0,0.18,90.5,20.34270488,20.34133654,20.34262472,20.31594801,20.29866707
2024-05-05 07:50:00,0.6,0.0,16.8,0.6,1011.0,58.0,224.0,0.22,91.0,20.34106692,20.33671105,20.33638006,20.32330144,20.29925074
2024-05-05 08:00:00,0.0,0.0,16.8,0.6,1011.1,32.0,215.0,0.25,90.9,20.33835765,20.33678113,20.32978005,20.32123732,20.31476655
2024-05-05 08:10:00,0.0,0.0,16.7,0.6,1011.0,78.0,218.0,0.29,89.3,20.33548365,20.33225839,20.32870192,20.32027959,20.29097029
2024-05-05 08:20:00,0.0,0.0,16.9,0.6,1011.1,94.0,155.0,0.33,88.9,20.33712666,20.33249018,20.3303767,20.32371427,20.30789168
2024-05-05 08:30:00,0.0,0.0,17.0,0.8,1011.2,94.0,195.0,0.39,88.1,20.33333593,20.33265189,20.32829369,20.32633446,20.27480792
2024-05-05 08:40:00,0.3,0.0,17.0,0.8,1011.2,108.0,324.0,0.45,87.5,20.33949595,20.3338432,20.32758716,20.32251431,20.28524379
2024-05-05 08:50:00,0.0,0.0,17.2,0.8,1011.1,90.0,217.0,0.51,88.2,20.33811042,20.33252252,20.33141822,20.32441334,20.28833886
2024-05-05 09:00:00,0.0,0.0,17.2,0.8,1011.0,200.0,211.0,0.59,86.8,20.33763657,20.33390249,20.33082157,20.32450142,20.28060661
2024-05-05 09:10:00,0.0,0.0,17.3,0.8,1011.0,197.0,97.0,0.72,86.7,20.35059634,20.33931487,20.32907874,20.31998787,20.27066626
2024-05-05 09:20:00,0.0,0.0,17.5,0.8,1011.2,189.0,191.0,0.82,86.2,20.35413535,20.33565446,20.3278279,20.3176707,20.27697001
2024-05-05 09:30:00,0.0,0.0,17.4,0.8,1011.6,133.0,303.0,0.92,87.4,20.35432595,20.3391747,20.32811052,20.32118778,20.28420691
2024-05-05 09:40:00,0.5,0.0,17.4,0.8,1011.6,213.0,230.0,1.01,87.8,20.36484594,20.3374442,20.33141299,20.32437481,20.27678245
2024-05-05 09:50:00,0.9,0.0,17.9,0.8,1011.7,405.0,56.0,1.19,86.0,20.39071309,20.35080964,20.33750019,20.32505738,20.25816965
2024-05-05 10:00:00,0.0,0.0,18.2,0.8,1011.7,279.0,50.0,1.43,81.4,20.38444144,20.34419935,20.3360032,20.32525554,20.25629455
2024-05-05 10:10:00,0.6,0.0,18.2,0.8,1011.7,303.0,352.0,1.61,80.7,20.39910859,20.35623965,20.33824346,20.32278953,20.25826861
2024-05-05 10:20:00,1.0,0.0,18.6,0.8,1011.7,364.0,188.0,1.8,82.6,20.40665437,20.35852612,20.34340992,20.32441334,20.2668009
2024-05-05 10:30:00,1.4,0.0,18.9,0.8,1011.6,449.0,15.0,2.1,77.8,20.40836051,20.37251097,20.34001268,20.33361218,20.2703068
2024-05-05 10:40:00,0.8,0.0,18.6,0.8,1011.5,347.0,208.0,2.35,82.4,20.42975429,20.36416175,20.34993264,20.3148693,20.25791963
2024-05-05 10:50:00,1.2,0.0,18.6,0.8,1011.6,199.0,268.0,2.5,78.5,20.41041203,20.36846027,20.3447186,20.32899881,20.26178456
2024-05-05 11:00:00,0.9,0.0,18.7,0.8,1011.5,252.0,209.0,2.63,80.9,20.42910983,20.35525823,20.34267183,20.32719871,20.27079129
2024-05-05 11:10:00,0.5,0.0,19.2,0.8,1011.5,347.0,249.0,2.83,77.5,20.44902328,20.37446899,20.35155556,20.33416273,20.25527367
2024-05-05 11:20:00,0.9,0.0,19.6,0.8,1011.6,889.0,223.0,3.15,79.1,20.47092689,20.3860188,20.35408947,20.34172781,20.25872177
2024-05-05 11:30:00,0.6,0.0,19.9,0.8,1011.4,493.0,73.0,3.56,74.6,20.49116416,20.38832794,20.35508945,20.33494452,20.23494233
2024-05-05 11:40:00,1.4,0.0,20.0,0.8,1011.7,844.0,210.0,3.8,77.7,20.506029,20.37942096,20.3593356,20.33646408,20.26071673
2024-05-05 11:50:00,0.8,0.0,20.3,0.8,1011.4,469.0,307.0,4.21,72.8,20.50077108,20.38997892,20.3603723,20.33833606,20.25997708
2024-05-05 12:00:00,1.1,0.0,20.6,0.8,1011.5,341.0,248.0,4.49,75.3,20.50352126,20.4006304,20.3594089,20.33863888,20.26218564
2024-05-05 12:10:00,1.1,0.0,20.5,0.8,1011.6,333.0,236.0,4.79,75.2,20.53530141,20.40612413,20.36356104,20.33354061,20.25326843
2024-05-05 12:20:00,1.1,0.0,20.2,0.8,1011.6,225.0,237.0,4.97,74.2,20.53548723,20.40794288,20.36013145,20.33248908,20.25545076
2024-05-05 12:30:00,1.4,0.0,20.2,0.8,1011.7,396.0,214.0,5.14,73.7,20.54814461,20.4123038,20.36352439,20.33812683,20.25261739
2024-05-05 12:40:00,3.2,0.0,19.7,0.8,1011.3,467.0,198.0,5.43,73.2,20.54800006,20.40636698,20.35978588,20.33348005,20.24522192
2024-05-05 12:50:00,2.8,0.0,19.9,0.8,1011.2,473.0,198.0,5.7,74.5,20.54832013,20.42006029,20.366242,20.33485643,20.2467895
2024-05-05 13:00:00,2.0,0.0,20.0,0.8,1011.2,386.0,202.0,5.98,71.6,20.55182549,20.42280795,20.36286987,20.33368376,20.24102452
2024-05-05 13:10:00,3.4,0.0,20.0,0.8,1011.2,279.0,208.0,6.17,72.1,20.56215135,20.43629971,20.36373383,20.3320872,20.23567654
2024-05-05 13:20:00,1.4,0.0,20.0,0.8,1011.1,308.0,278.0,6.34,74.3,20.6164899,20.42151238,20.36977137,20.33643104,20.24077977
2024-05-05 13:30:00,1.4,0.0,20.8,0.8,1011.0,518.0,215.0,6.59,72.7,20.59392622,20.43325989,20.3835292,20.34619355,20.26077924
2024-05-05 13:40:00,2.7,0.0,20.5,0.8,1011.0,321.0,215.0,6.82,71.2,20.59145736,20.44248778,20.37005939,20.33313321,20.25116428
2024-05-05 13:50:00,1.6,0.0,20.4,0.8,1010.9,335.0,219.0,7.05,71.3,20.60076498,20.4280337,20.37511813,20.33503261,20.23876447
2024-05-05 14:00:00,2.7,0.0,20.6,0.8,1011.0,282.0,214.0,7.21,72.5,20.66828687,20.43840013,20.37749052,20.33458115,20.22344054
2024-05-05 14:10:00,1.7,0.0,20.5,0.8,1010.6,350.0,233.0,7.4,70.0,20.59560487,20.42423851,20.37550567,20.34052746,20.23469759
2024-05-05 14:20:00,1.2,0.0,20.8,0.8,1010.6,303.0,288.0,7.59,73.1,20.65654299,20.44630029,20.38345588,20.34391934,20.23321357
2024-05-05 14:30:00,2.5,0.0,21.6,0.8,1010.4,351.0,201.0,7.92,67.4,20.64387042,20.43626731,20.3812666,20.33834156,20.2375824
2024-05-05 14:40:00,1.2,0.0,21.5,0.8,1010.3,439.0,216.0,8.2,69.1,20.66800256,20.43215307,20.37799852,20.33534092,20.22339889
2024-05-05 14:50:00,1.6,0.0,21.7,0.8,1010.3,334.0,214.0,8.43,69.6,20.71251598,20.45422846,20.39173172,20.34719027,20.23972785
2024-05-05 15:00:00,0.4,0.0,21.4,0.8,1010.0,341.0,235.0,8.62,70.2,20.65684794,20.46465328,20.38844746,20.34547218,20.21927032
2024-05-05 15:10:00,3.1,0.0,21.1,0.8,1009.8,333.0,207.0,8.82,69.3,20.66448752,20.47463142,20.38470243,20.33518676,20.22163915
2024-05-05 15:20:00,0.9,0.0,21.4,0.8,1009.7,293.0,268.0,9.0,71.9,20.65837787,20.45136059,20.386808,20.34103402,20.21657359
2024-05-05 15:30:00,1.3,0.0,22.0,0.8,1009.7,262.0,112.0,9.22,67.1,20.7130642,20.49998647,20.38436722,20.33775243,20.21416847
2024-05-05 15:40:00,1.3,0.0,22.1,0.8,1009.5,558.0,241.0,9.5,68.9,20.73551817,20.45965671,20.39877217,20.34502615,20.22226391
2024-05-05 15:50:00,1.7,0.0,22.0,0.8,1009.4,498.0,217.0,9.81,66.8,20.74583928,20.46766222,20.39689151,20.34468474,20.21641221
2024-05-05 16:00:00,0.9,0.0,22.6,0.8,1009.6,227.0,225.0,10.06,66.4,20.76592618,20.47634953,20.39281079,20.34232799,20.20547526
2024-05-05 16:10:00,4.2,0.0,22.1,0.8,1009.5,218.0,205.0,10.2,67.5,20.72147925,20.48449769,20.39352844,20.34443695,20.19501864
2024-05-05 16:20:00,1.7,0.0,21.9,0.8,1009.5,345.0,196.0,10.35,66.8,20.77604896,20.50454846,20.40316232,20.34411206,20.19647072
2024-05-05 16:30:00,2.4,0.0,21.8,0.8,1009.6,223.0,204.0,10.49,66.3,20.75126674,20.48052073,20.39472278,20.34449201,20.20244588
2024-05-05 16:40:00,1.6,0.0,21.6,0.8,1009.5,196.0,209.0,10.61,68.3,20.77426859,20.50242958,20.39588571,20.3440625,20.19870875
2024-05-05 16:50:00,1.0,0.0,22.4,0.8,1009.5,283.0,345.0,10.76,67.1,20.74687404,20.50040266,20.40787758,20.352064,20.19757411
2024-05-05 17:00:00,0.5,0.0,23.0,0.8,1009.3,275.0,209.0,10.93,64.1,20.79739546,20.49447902,20.41406551,20.3482586,20.20568347
2024-05-05 17:10:00,1.7,0.0,22.3,0.8,1009.4,193.0,231.0,11.06,65.6,20.73690977,20.51603058,20.3984107,20.34603386,20.19931771
2024-05-05 17:20:00,0.5,0.0,22.3,0.8,1009.6,206.0,232.0,11.18,66.7,20.7814938,20.51882035,20.39780826,20.34106706,20.18504734
2024-05-05 17:30:00,2.3,0.0,22.4,0.8,1009.6,190.0,203.0,11.3,63.9,20.81074222,20.5043971,20.40878923,20.3553244,20.19610119
2024-05-05 17:40:00,0.0,0.0,22.3,0.8,1009.8,190.0,191.0,11.4,65.2,20.76653165,20.5053863,20.3954614,20.34623761,20.19825073
2024-05-05 17:50:00,2.5,0.0,22.1,0.8,1009.8,130.0,198.0,11.49,63.9,20.786411,20.49938652,20.41467332,20.35035126,20.17545713
2024-05-05 18:00:00,1.85,0.0,21.75,0.8,1009.95,98.0,206.0,11.55,65.5,20.75744483,20.49894872,20.40254412,20.3485725,20.18051488
2024-05-05 18:10:00,1.2,0.0,21.4,0.8,1010.1,66.0,214.0,11.61,67.1,20.81920795,20.51288954,20.41065448,20.35093502,20.18443849
2024-05-05 18:20:00,0.8,0.0,21.2,0.8,1010.1,40.0,234.0,11.64,69.1,20.76412014,20.50377008,20.41328478,20.34243812,20.18286694
2024-05-05 18:30:00,0.2,0.0,21.0,0.8,1010.3,35.0,255.0,11.66,71.2,20.80129367,20.5229079,20.40596524,20.34950318,20.17699732
2024-05-05 18:40:00,4.0,0.0,21.0,0.8,1010.2,26.0,205.0,11.68,70.4,20.8361988,20.50311604,20.41067544,20.34641933,20.17190338
2024-05-05 18:50:00,1.8,0.0,20.9,0.8,1010.3,4.0,203.0,11.69,71.9,20.80515581,20.50734311,20.4113985,20.35025764,20.1590841
2024-05-05 19:00:00,0.0,0.0,20.9,0.8,1010.3,0.0,160.0,11.69,71.4,20.75899719,20.50099721,20.40730649,20.34379269,20.16877641
2024-05-05 19:10:00,0.0,0.0,20.2,0.8,1010.3,0.0,221.0,11.69,75.0,20.80536807,20.50352144,20.40759465,20.34487747,20.15940664
2024-05-05 19:20:00,0.0,0.0,20.1,0.8,1010.4,0.0,224.0,11.69,75.9,20.87657878,20.49302523,20.41554838,20.3563323,20.16536862
2024-05-05 19:30:00,1.1,0.0,19.8,0.8,1010.5,0.0,212.0,11.69,76.2,20.8421601,20.49520864,20.40811859,20.34934347,20.15127597
2024-05-05 19:40:00,1.1,0.0,20.1,0.8,1010.7,0.0,209.0,11.69,75.6,20.77622493,20.49938652,20.40668302,20.34399643,20.14495095
2024-05-05 19:50:00,0.0,0.0,19.6,0.8,1010.8,0.0,238.0,11.69,76.6,20.77352851,20.51050549,20.4078409,20.34690943,20.16998868
2024-05-05 20:00:00,0.0,0.0,19.4,0.8,1010.8,0.0,238.0,11.69,78.2,20.85147316,20.51773362,20.41245167,20.34945361,20.16882844
2024-05-05 20:10:00,1.2,0.0,19.0,0.8,1010.8,0.0,208.0,11.69,79.8,20.82395118,20.50167826,20.41418078,20.34424973,20.15084943
2024-05-05 20:20:00,0.2,0.0,18.4,0.8,1011.1,0.0,220.0,11.69,82.1,20.78998261,20.49664087,20.41665925,20.35049445,20.14787933
2024-05-05 20:30:00,0.0,0.0,18.4,0.8,1010.9,0.0,239.0,11.69,81.3,20.80751148,20.51314363,20.41999719,20.34970143,20.13880846
2024-05-05 20:40:00,0.0,0.0,18.4,0.8,1010.8,0.0,41.0,11.69,83.2,20.80071385,20.49525187,20.4128656,20.35095705,20.14248037
2024-05-05 20:50:00,0.0,0.0,18.0,0.8,1011.1,0.0,206.0,11.69,83.9,20.76069963,20.50491602,20.4137878,20.34580809,20.13715979
2024-05-05 21:00:00,0.0,0.0,17.9,0.8,1011.1,0.0,338.0,11.69,85.7,20.77605931,20.50328361,20.41025628,20.34533452,20.14635011
2024-05-05 21:10:00,0.0,0.0,17.8,0.8,1011.2,0.0,347.0,11.69,87.6,20.80102446,20.53184092,20.41303327,20.35193733,20.13150674
2024-05-05 21:20:00,0.0,0.0,17.6,0.8,1011.2,0.0,239.0,11.69,88.2,20.81836911,20.49943516,20.41158713,20.34860554,20.13216719
2024-05-05 21:30:00,0.0,0.0,17.6,0.8,1011.4,0.0,238.0,11.69,88.3,20.81637042,20.53034298,20.41369872,20.34620457,20.13071628
2024-05-05 21:40:00,0.0,0.0,17.3,0.8,1011.4,0.0,239.0,11.69,88.3,20.81508113,20.49855957,20.41251978,20.34847337,20.11743044
2024-05-05 21:50:00,0.0,0.0,17.3,0.8,1011.4,0.0,238.0,11.69,88.9,20.81331033,20.51372209,20.41343673,20.34976201,20.12052421
2024-05-05 22:00:00,0.0,0.0,17.3,0.8,1011.4,0.0,238.0,11.69,90.0,20.82186434,20.50298632,20.41182291,20.34219584,20.12401849
2024-05-05 22:10:00,0.0,0.0,17.3,0.8,1011.3,0.0,195.0,11.69,91.4,20.81746296,20.50682957,20.41816838,20.3598959,20.15793963
2024-05-05 22:20:00,0.0,0.0,17.1,0.8,1011.6,0.0,215.0,11.69,91.3,20.83527175,20.52135611,20.41357297,20.34863858,20.12025902
2024-05-05 22:30:00,0.0,0.0,17.1,0.8,1011.6,0.0,215.0,11.69,91.7,20.80471574,20.50210526,20.4119539,20.34601183,20.12126777
2024-05-05 22:40:00,0.0,0.0,17.0,0.8,1011.6,0.0,216.0,11.69,91.8,20.79935749,20.52362704,20.41258266,20.34805485,20.11011507
2024-05-05 22:50:00,0.0,0.0,17.1,0.8,1011.6,0.0,227.0,11.69,92.4,20.81518987,20.50574306,20.40965374,20.34325306,20.12115337
2024-05-05 23:00:00,0.0,0.0,17.0,0.8,1011.5,0.0,227.0,11.69,92.2,20.83264086,20.52659018,20.41560078,20.34704159,20.12293691
2024-05-05 23:10:00,0.0,0.0,17.0,0.8,1011.7,0.0,257.0,11.69,92.6,20.80466915,20.5055863,20.41548026,20.34822556,20.10627827
2024-05-05 23:20:00,0.0,0.0,17.0,0.8,1011.8,0.0,332.0,11.69,93.3,20.81096486,20.50861345,20.41659637,20.35007591,20.11109249
2024-05-05 23:30:00,0.0,0.0,17.0,0.8,1011.7,0.0,261.0,11.69,92.6,20.7996681,20.51950159,20.4085063,20.3442277,20.09403087
2024-05-05 23:40:00,0.3,0.0,17.0,0.8,1011.7,0.0,299.0,11.69,92.8,20.79504523,20.50537549,20.40955943,20.34667815,20.0993278
2024-05-05 23:50:00,0.0,0.0,17.0,0.8,1011.8,0.0,298.0,11.69,92.8,20.7936372,20.51674423,20.41845134,20.35121589,20.09707695
