Date,风速(m/s),雨量(mm),大气温度(℃),雨量累计(mm),数字气压(hPa),简易总辐射(W/m²),风向(°),辐射累计(MJ/m²),大气湿度(%RH)
2024-05-03 00:00:00,0.8,0.0,20.15,3.7,1015.6,0.0,89.5,6.81,63.2
2024-05-03 00:10:00,1.0,0.0,20.0,0.0,1015.7,0.0,66.0,0.0,62.7
2024-05-03 00:20:00,0.3,0.0,20.0,0.0,1015.6,0.0,34.0,0.0,63.3
2024-05-03 00:30:00,2.0,0.0,20.0,0.0,1015.2,0.0,139.0,0.0,63.5
2024-05-03 00:40:00,0.9,0.0,20.0,0.0,1015.1,0.0,114.0,0.0,62.2
2024-05-03 00:50:00,1.7,0.0,19.9,0.0,1014.8,0.0,83.0,0.0,59.7
2024-05-03 01:00:00,2.4,0.0,20.0,0.0,1014.8,0.0,124.0,0.0,54.1
2024-05-03 01:10:00,1.1,0.0,20.0,0.0,1014.7,0.0,71.0,0.0,53.6
2024-05-03 01:20:00,1.8,0.0,19.9,0.0,1014.4,0.0,107.0,0.0,52.1
2024-05-03 01:30:00,1.3,0.0,19.8,0.0,1014.1,0.0,64.0,0.0,53.0
2024-05-03 01:40:00,3.2,0.0,19.8,0.0,1013.7,0.0,135.0,0.0,50.8
2024-05-03 01:50:00,0.9,0.0,19.9,0.0,1013.8,0.0,155.0,0.0,51.3
2024-05-03 02:00:00,1.0,0.0,19.6,0.0,1014.1,0.0,32.0,0.0,54.7
2024-05-03 02:10:00,0.6,0.0,19.6,0.0,1014.0,0.0,27.0,0.0,51.7
2024-05-03 02:20:00,0.0,0.0,19.6,0.0,1014.0,0.0,226.0,0.0,53.9
2024-05-03 02:30:00,0.9,0.0,19.5,0.0,1014.0,0.0,151.0,0.0,54.8
2024-05-03 02:40:00,0.0,0.0,19.4,0.0,1014.1,0.0,349.0,0.0,56.3
2024-05-03 02:50:00,0.0,0.0,19.2,0.0,1014.2,0.0,302.0,0.0,54.4
2024-05-03 03:00:00,1.2,0.0,18.9,0.0,1014.2,0.0,211.0,0.0,56.0
2024-05-03 03:10:00,0.6,0.0,18.9,0.0,1014.0,0.0,29.0,0.0,60.1
2024-05-03 03:20:00,1.3,0.0,19.3,0.0,1013.6,0.0,97.0,0.0,54.2
2024-05-03 03:30:00,1.4,0.0,19.3,0.0,1013.4,0.0,78.0,0.0,54.7
2024-05-03 03:40:00,1.0,0.0,19.3,0.0,1013.2,0.0,80.0,0.0,54.8
2024-05-03 03:50:00,0.0,0.0,19.1,0.0,1013.7,0.0,151.0,0.0,60.5
2024-05-03 04:00:00,0.0,0.0,19.0,0.0,1013.9,0.0,69.0,0.0,59.9
2024-05-03 04:10:00,0.0,0.0,18.8,0.0,1013.7,0.0,330.0,0.0,60.0
2024-05-03 04:20:00,0.0,0.0,18.9,0.0,1013.4,0.0,138.0,0.0,54.8
2024-05-03 04:30:00,0.2,0.0,19.0,0.0,1013.7,0.0,203.0,0.0,57.7
2024-05-03 04:40:00,0.8,0.0,18.8,0.0,1013.8,0.0,46.0,0.0,57.7
2024-05-03 04:50:00,0.2,0.0,18.8,0.0,1013.9,0.0,288.0,0.0,57.4
2024-05-03 05:00:00,0.5,0.0,18.8,0.0,1013.6,0.0,72.0,0.0,59.5
2024-05-03 05:10:00,0.2,0.0,18.7,0.0,1013.6,0.0,194.0,0.0,59.6
2024-05-03 05:20:00,0.3,0.0,18.8,0.0,1013.6,0.0,226.0,0.0,61.2
2024-05-03 05:30:00,0.0,0.0,18.7,0.0,1013.7,0.0,10.0,0.0,64.1
2024-05-03 05:40:00,0.6,0.0,19.0,0.0,1013.6,0.0,137.0,0.0,58.8
2024-05-03 05:50:00,0.0,0.0,19.1,0.0,1013.7,0.0,164.0,0.0,54.7
2024-05-03 06:00:00,0.65,0.0,19.0,0.0,1013.5,5.0,153.5,0.0,53.7
2024-05-03 06:10:00,1.3,0.0,18.9,0.0,1013.3,10.0,143.0,0.0,52.7
2024-05-03 06:20:00,0.2,0.0,18.9,0.0,1013.5,16.0,334.0,0.01,52.3
2024-05-03 06:30:00,0.9,0.0,18.6,0.0,1013.8,22.0,344.0,0.02,57.1
2024-05-03 06:40:00,0.2,0.0,18.5,0.0,1013.9,43.0,177.0,0.04,60.0
2024-05-03 06:50:00,0.0,0.0,18.7,0.0,1013.8,43.0,129.0,0.06,54.0
2024-05-03 07:00:00,0.4,0.0,18.9,0.0,1013.9,45.0,74.0,0.09,52.3
2024-05-03 07:10:00,1.2,0.0,18.8,0.0,1013.8,43.0,160.0,0.12,51.7
2024-05-03 07:20:00,0.0,0.0,18.9,0.0,1013.9,43.0,158.0,0.14,55.1
2024-05-03 07:30:00,0.2,0.0,18.6,0.0,1013.9,43.0,183.0,0.17,54.5
2024-05-03 07:40:00,0.3,0.0,18.7,0.0,1013.9,54.0,189.0,0.2,56.1
2024-05-03 07:50:00,0.8,0.0,18.7,0.0,1013.9,48.0,157.0,0.23,53.6
2024-05-03 08:00:00,0.0,0.0,18.7,0.0,1014.2,36.0,52.0,0.25,61.9
2024-05-03 08:10:00,0.4,0.0,18.5,0.0,1014.3,36.0,333.0,0.27,61.0
2024-05-03 08:20:00,0.3,0.0,18.1,0.0,1014.4,43.0,253.0,0.3,62.3
2024-05-03 08:30:00,1.2,0.0,18.2,0.0,1014.5,63.0,199.0,0.33,65.9
2024-05-03 08:40:00,1.8,0.2,18.3,0.4,1014.5,108.0,172.0,0.38,58.5
2024-05-03 08:50:00,0.0,0.2,18.1,1.0,1014.8,107.0,269.0,0.44,69.6
2024-05-03 09:00:00,0.2,0.0,17.6,1.8,1014.9,108.0,279.0,0.51,74.6
2024-05-03 09:10:00,0.4,0.0,17.5,2.2,1014.7,60.0,38.0,0.56,70.4
2024-05-03 09:20:00,0.0,0.2,17.5,2.6,1014.7,51.0,213.0,0.59,68.3
2024-05-03 09:30:00,0.9,0.0,17.5,2.8,1014.5,60.0,203.0,0.63,65.4
2024-05-03 09:40:00,1.4,0.2,17.4,4.0,1014.9,65.0,184.0,0.67,65.5
2024-05-03 09:50:00,0.9,0.8,16.9,9.6,1014.9,57.0,146.0,0.7,72.6
2024-05-03 10:00:00,0.4,0.4,16.4,15.0,1015.0,70.0,197.0,0.74,77.1
2024-05-03 10:10:00,0.0,0.8,15.7,19.4,1015.0,87.0,306.0,0.79,85.1
2024-05-03 10:20:00,0.3,0.8,15.5,28.2,1014.8,84.0,178.0,0.84,83.2
2024-05-03 10:30:00,0.8,0.6,15.2,36.2,1014.6,109.0,164.0,0.9,85.1
2024-05-03 10:40:00,0.8,0.2,15.4,42.6,1014.3,105.0,77.0,0.96,81.0
2024-05-03 10:50:00,1.8,0.2,15.5,44.6,1014.1,94.0,174.0,1.02,79.8
2024-05-03 11:00:00,2.1,0.2,15.6,46.4,1014.0,116.0,121.0,1.08,81.3
2024-05-03 11:10:00,0.5,0.2,15.6,49.4,1014.3,187.0,261.0,1.18,84.5
2024-05-03 11:20:00,0.9,0.2,15.6,52.0,1014.3,183.0,16.0,1.29,83.0
2024-05-03 11:30:00,1.1,0.0,15.6,53.0,1014.4,192.0,153.0,1.4,82.8
2024-05-03 11:40:00,0.3,0.0,15.7,53.6,1014.8,163.0,224.0,1.51,85.7
2024-05-03 11:50:00,0.9,0.0,15.9,53.8,1014.7,118.0,63.0,1.61,84.5
2024-05-03 12:00:00,0.0,0.0,15.7,54.0,1014.8,123.0,152.0,1.68,84.2
2024-05-03 12:10:00,0.3,0.0,15.8,54.2,1014.6,98.0,156.0,1.75,81.8
2024-05-03 12:20:00,1.7,0.0,15.9,54.2,1014.6,118.0,195.0,1.81,82.6
2024-05-03 12:30:00,0.9,0.0,15.9,54.2,1014.4,152.0,128.0,1.89,80.5
2024-05-03 12:40:00,2.4,0.0,15.9,54.2,1014.3,128.0,125.0,1.97,80.6
2024-05-03 12:50:00,0.8,0.0,15.9,54.4,1014.1,117.0,180.0,2.05,80.4
2024-05-03 13:00:00,1.6,0.4,15.8,56.6,1013.7,181.0,110.0,2.13,82.2
2024-05-03 13:10:00,0.0,0.4,15.7,60.4,1013.6,200.0,221.0,2.24,84.3
2024-05-03 13:20:00,0.6,0.4,15.8,63.4,1013.5,183.0,87.0,2.36,82.6
2024-05-03 13:30:00,0.0,0.2,15.9,65.2,1013.5,125.0,275.0,2.45,86.7
2024-05-03 13:40:00,1.0,0.2,15.9,66.6,1013.3,134.0,219.0,2.52,85.6
2024-05-03 13:50:00,1.2,0.4,15.8,69.2,1013.3,130.0,143.0,2.6,84.7
2024-05-03 14:00:00,0.9,0.2,16.0,70.8,1013.0,225.0,195.0,2.71,85.1
2024-05-03 14:10:00,0.9,0.2,16.0,72.4,1013.1,163.0,206.0,2.83,84.6
2024-05-03 14:20:00,2.1,0.0,16.0,73.0,1012.8,183.0,129.0,2.93,83.3
2024-05-03 14:30:00,1.1,0.0,15.9,73.2,1012.7,126.0,148.0,3.04,82.4
2024-05-03 14:40:00,0.6,0.0,15.9,73.4,1012.7,105.0,162.0,3.1,83.3
2024-05-03 14:50:00,0.3,0.8,15.9,76.2,1012.8,131.0,190.0,3.18,83.3
2024-05-03 15:00:00,1.4,0.2,15.8,80.2,1012.3,152.0,105.0,3.28,83.4
2024-05-03 15:10:00,0.4,0.2,15.9,80.6,1012.3,92.0,178.0,3.34,85.1
2024-05-03 15:20:00,0.8,0.0,15.9,80.8,1012.2,107.0,100.0,3.4,83.9
2024-05-03 15:30:00,1.1,0.0,15.9,81.0,1012.0,206.0,154.0,3.49,82.5
2024-05-03 15:40:00,1.1,0.0,16.1,81.0,1012.3,98.0,166.0,3.6,82.8
2024-05-03 15:50:00,1.6,0.0,16.1,81.2,1012.3,60.0,178.0,3.64,81.8
2024-05-03 16:00:00,0.6,0.0,16.0,81.2,1012.4,42.0,206.0,3.67,82.2
2024-05-03 16:10:00,1.3,0.0,16.1,81.2,1012.3,54.0,90.0,3.7,80.9
2024-05-03 16:20:00,3.3,0.2,16.1,81.4,1011.8,96.0,162.0,3.74,81.6
2024-05-03 16:30:00,0.5,0.2,16.0,84.0,1011.9,98.0,271.0,3.8,82.7
2024-05-03 16:40:00,1.0,0.0,16.0,85.8,1011.9,66.0,142.0,3.85,82.9
2024-05-03 16:50:00,0.9,0.0,16.0,87.2,1012.1,48.0,124.0,3.89,85.5
2024-05-03 17:00:00,0.4,0.0,16.1,87.8,1012.3,32.0,48.0,3.91,82.8
2024-05-03 17:10:00,0.9,0.6,16.0,90.2,1012.4,35.0,160.0,3.92,83.3
2024-05-03 17:20:00,0.0,0.2,15.8,97.0,1012.6,4.0,311.0,3.94,87.2
2024-05-03 17:30:00,2.3,0.0,15.8,98.8,1012.3,23.0,156.0,3.95,86.0
2024-05-03 17:40:00,0.0,0.6,15.8,101.2,1012.5,26.0,229.0,3.96,87.2
2024-05-03 17:50:00,0.0,0.2,15.5,105.8,1012.3,18.0,78.0,3.97,88.5
2024-05-03 18:00:00,0.95,0.2,15.45,107.7,1012.45,9.0,106.0,3.975,88.1
2024-05-03 18:10:00,1.9,0.2,15.4,109.6,1012.6,0.0,134.0,3.98,87.7
2024-05-03 18:20:00,2.7,0.2,15.5,111.6,1012.5,0.0,166.0,3.98,88.0
2024-05-03 18:30:00,1.1,0.0,15.5,112.6,1012.3,19.0,94.0,3.98,88.8
2024-05-03 18:40:00,1.9,0.0,15.5,113.0,1012.4,3.0,152.0,3.99,88.5
2024-05-03 18:50:00,1.2,0.2,15.5,113.4,1012.5,0.0,160.0,3.99,88.9
2024-05-03 19:00:00,0.9,0.0,15.4,113.4,1012.9,0.0,195.0,3.99,88.9
2024-05-03 19:10:00,1.2,0.0,15.5,113.6,1012.8,0.0,181.0,3.99,88.5
2024-05-03 19:20:00,0.0,0.4,15.5,117.0,1013.1,0.0,141.0,3.99,89.2
2024-05-03 19:30:00,0.0,0.2,15.5,121.6,1012.9,0.0,192.0,3.99,90.4
2024-05-03 19:40:00,0.4,0.2,15.5,123.1,1012.85,0.0,159.5,3.99,90.55
2024-05-03 19:50:00,0.8,0.2,15.5,124.6,1012.8,0.0,127.0,3.99,90.7
2024-05-03 20:00:00,0.9,0.0,15.4,124.8,1012.8,0.0,75.0,3.99,90.2
2024-05-03 20:10:00,0.0,0.0,15.4,125.2,1013.0,0.0,225.0,3.99,91.4
2024-05-03 20:20:00,0.0,0.0,15.3,125.4,1012.9,0.0,192.0,3.99,92.0
2024-05-03 20:30:00,0.4,0.0,15.3,125.4,1012.8,0.0,149.0,3.99,91.7
2024-05-03 20:40:00,0.5,0.0,15.4,125.6,1012.8,0.0,286.0,3.99,91.0
2024-05-03 20:50:00,0.9,0.0,15.4,125.6,1013.1,0.0,88.0,3.99,91.2
2024-05-03 21:00:00,0.4,0.0,15.4,125.8,1013.2,0.0,88.0,3.99,91.7
2024-05-03 21:10:00,0.0,0.0,15.4,125.8,1013.3,0.0,80.0,3.99,91.8
2024-05-03 21:20:00,0.0,0.0,15.4,125.8,1013.5,0.0,185.0,3.99,91.8
2024-05-03 21:30:00,0.0,0.0,15.4,126.0,1013.5,0.0,262.0,3.99,92.2
2024-05-03 21:40:00,0.0,0.0,15.4,126.0,1013.5,0.0,213.0,3.99,92.7
2024-05-03 21:50:00,0.0,0.0,15.4,128.0,1013.6,0.0,215.0,3.99,92.7
2024-05-03 22:00:00,0.0,0.0,15.4,130.0,1013.5,0.0,49.0,3.99,93.0
2024-05-03 22:10:00,0.5,0.2,15.4,131.0,1013.6,0.0,215.0,3.99,93.2
2024-05-03 22:20:00,0.4,0.0,15.3,131.2,1013.5,0.0,86.0,3.99,93.1
2024-05-03 22:30:00,0.0,0.0,15.2,131.6,1013.3,0.0,84.0,3.99,93.5
2024-05-03 22:40:00,0.3,0.0,15.3,131.8,1013.5,0.0,207.0,3.99,93.9
2024-05-03 22:50:00,0.8,0.0,15.4,132.4,1013.2,0.0,327.0,3.99,94.3
2024-05-03 23:00:00,0.6,0.0,15.5,132.8,1013.3,0.0,89.0,3.99,94.3
2024-05-03 23:10:00,0.8,0.2,15.4,133.0,1013.3,0.0,324.0,3.99,94.5
2024-05-03 23:20:00,0.3,0.0,15.5,133.0,1013.3,0.0,247.0,3.99,94.5
2024-05-03 23:30:00,0.0,0.0,15.4,133.2,1013.2,0.0,233.0,3.99,94.3
2024-05-03 23:40:00,0.4,0.0,15.4,133.2,1013.0,0.0,270.0,3.99,94.3
2024-05-03 23:50:00,0.0,0.0,15.4,133.4,1013.0,0.0,301.0,3.99,94.5
2024-05-04 00:00:00,0.0,0.0,15.4,66.8,1012.8,0.0,315.5,1.995,94.55
2024-05-04 00:10:00,0.0,0.0,15.4,0.2,1012.6,0.0,330.0,0.0,94.6
2024-05-04 00:20:00,0.0,0.0,15.6,0.4,1012.4,0.0,48.0,0.0,94.5
2024-05-04 00:30:00,0.5,0.0,15.5,0.4,1012.0,0.0,359.0,0.0,94.3
2024-05-04 00:40:00,0.0,0.0,15.4,0.6,1012.3,0.0,325.0,0.0,94.3
2024-05-04 00:50:00,0.2,0.0,15.5,0.8,1012.3,0.0,312.0,0.0,94.5
2024-05-04 01:00:00,0.0,0.0,15.5,1.0,1012.3,0.0,293.0,0.0,94.6
2024-05-04 01:10:00,0.3,0.0,15.6,1.0,1011.7,0.0,276.0,0.0,94.7
2024-05-04 01:20:00,1.1,0.0,15.5,1.2,1011.7,0.0,275.0,0.0,94.7
2024-05-04 01:30:00,0.2,0.0,15.5,1.2,1011.6,0.0,237.0,0.0,94.9
2024-05-04 01:40:00,0.0,0.0,15.5,1.2,1011.6,0.0,263.0,0.0,94.7
2024-05-04 01:50:00,0.0,0.0,15.6,1.4,1011.4,0.0,7.0,0.0,94.9
2024-05-04 02:00:00,0.0,0.0,15.6,1.4,1011.5,0.0,293.0,0.0,94.7
2024-05-04 02:10:00,0.0,0.0,15.5,1.4,1011.3,0.0,152.0,0.0,94.5
2024-05-04 02:20:00,0.0,0.0,15.6,1.6,1011.3,0.0,342.0,0.0,94.5
2024-05-04 02:30:00,0.5,0.0,15.6,1.6,1011.1,0.0,10.0,0.0,94.3
2024-05-04 02:40:00,0.3,0.0,15.6,1.8,1010.8,0.0,63.0,0.0,94.7
2024-05-04 02:50:00,0.0,0.0,15.5,1.8,1010.5,0.0,359.0,0.0,95.0
2024-05-04 03:00:00,0.3,0.0,15.5,2.0,1010.6,0.0,201.0,0.0,95.1
2024-05-04 03:10:00,0.0,0.0,15.6,2.2,1010.9,0.0,53.0,0.0,95.3
2024-05-04 03:20:00,0.0,0.0,15.6,2.4,1010.7,0.0,131.0,0.0,95.0
2024-05-04 03:30:00,0.6,0.0,15.6,2.4,1010.3,0.0,69.0,0.0,95.4
2024-05-04 03:40:00,0.4,0.0,15.6,2.6,1010.3,0.0,335.0,0.0,95.2
2024-05-04 03:50:00,0.0,0.0,15.7,2.6,1010.4,0.0,79.0,0.0,94.9
2024-05-04 04:00:00,0.0,0.0,15.7,2.6,1010.3,0.0,86.0,0.0,94.7
2024-05-04 04:10:00,0.0,0.0,15.7,2.8,1010.1,0.0,164.0,0.0,94.3
2024-05-04 04:20:00,0.3,0.0,15.6,2.8,1010.2,0.0,167.0,0.0,93.9
2024-05-04 04:30:00,1.2,0.0,15.8,2.8,1010.0,0.0,24.0,0.0,93.7
2024-05-04 04:40:00,0.2,0.6,15.8,7.4,1010.3,0.0,263.0,0.0,93.5
2024-05-04 04:50:00,0.2,0.2,15.8,14.8,1010.5,0.0,155.0,0.0,93.7
2024-05-04 05:00:00,0.0,0.2,15.7,15.8,1010.5,0.0,258.0,0.0,93.9
2024-05-04 05:10:00,0.0,0.0,15.8,16.0,1010.4,0.0,206.0,0.0,94.3
2024-05-04 05:20:00,0.0,0.0,15.8,16.2,1010.5,0.0,26.0,0.0,94.5
2024-05-04 05:30:00,0.4,0.0,15.8,16.2,1010.3,0.0,39.0,0.0,94.3
2024-05-04 05:40:00,0.3,0.0,15.9,16.4,1010.4,0.0,178.0,0.0,94.3
2024-05-04 05:50:00,0.4,0.0,15.8,16.4,1010.5,0.0,152.0,0.0,93.8
2024-05-04 06:00:00,0.0,0.2,15.9,16.6,1011.0,0.0,337.0,0.0,93.5
2024-05-04 06:10:00,0.3,0.0,15.9,16.6,1010.9,0.0,140.0,0.0,93.7
2024-05-04 06:20:00,0.5,0.0,15.9,16.8,1011.2,0.0,135.0,0.0,93.8
2024-05-04 06:30:00,0.5,0.2,15.8,17.2,1011.3,0.0,30.0,0.0,93.9
2024-05-04 06:40:00,0.0,0.2,15.9,18.0,1011.1,0.0,198.0,0.0,94.2
2024-05-04 06:50:00,0.0,0.2,15.9,19.4,1011.2,0.0,57.0,0.0,94.6
2024-05-04 07:00:00,0.8,0.0,15.8,20.2,1011.1,10.0,158.0,0.0,94.6
2024-05-04 07:10:00,0.2,0.6,15.9,26.2,1011.1,38.0,112.0,0.01,94.7
2024-05-04 07:20:00,1.0,0.4,15.8,29.6,1011.1,35.0,147.0,0.03,95.0
2024-05-04 07:30:00,0.0,0.0,15.8,30.6,1010.9,50.0,8.0,0.05,95.2
2024-05-04 07:40:00,0.9,0.0,15.8,30.8,1011.1,51.0,342.0,0.08,95.0
2024-05-04 07:50:00,0.2,0.0,15.8,31.0,1011.1,87.0,52.0,0.13,94.9
2024-05-04 08:00:00,0.3,0.0,16.2,31.2,1010.9,63.0,68.0,0.17,94.7
2024-05-04 08:10:00,0.0,0.0,15.9,31.4,1011.0,39.0,1.0,0.2,94.3
2024-05-04 08:20:00,0.4,0.2,16.0,31.7,1011.05,41.0,81.0,0.23,93.7
2024-05-04 08:30:00,0.8,0.4,16.1,32.0,1011.1,43.0,161.0,0.26,93.1
2024-05-04 08:40:00,0.0,0.2,16.2,35.0,1011.0,22.0,202.0,0.28,93.1
2024-05-04 08:50:00,0.0,0.2,16.3,35.4,1011.2,31.0,266.0,0.3,93.4
2024-05-04 09:00:00,0.5,0.2,16.2,35.6,1011.2,35.0,155.0,0.31,93.4
2024-05-04 09:10:00,0.6,0.0,16.3,36.2,1011.2,48.0,355.0,0.34,93.5
2024-05-04 09:20:00,0.3,0.0,16.1,36.8,1011.2,48.0,331.0,0.37,93.2
2024-05-04 09:30:00,0.4,0.0,16.1,37.4,1010.8,92.0,139.0,0.42,93.2
2024-05-04 09:40:00,0.0,0.2,16.5,37.8,1010.5,78.0,70.0,0.47,93.7
2024-05-04 09:50:00,0.8,0.0,16.4,37.8,1010.9,77.0,327.0,0.51,93.5
2024-05-04 10:00:00,0.0,0.2,16.4,39.6,1010.5,92.0,325.0,0.56,94.1
2024-05-04 10:10:00,0.4,0.8,16.5,45.4,1010.9,85.0,212.0,0.62,94.3
2024-05-04 10:20:00,0.0,0.6,16.6,51.0,1010.6,85.0,58.0,0.67,94.5
2024-05-04 10:30:00,0.5,0.2,16.5,55.0,1010.7,81.0,27.0,0.72,94.5
2024-05-04 10:40:00,0.9,0.4,16.5,58.4,1010.3,112.0,335.0,0.77,94.3
2024-05-04 10:50:00,0.3,0.4,16.5,62.4,1010.0,103.0,103.0,0.84,94.5
2024-05-04 11:00:00,0.0,0.4,16.6,65.6,1010.3,152.0,250.0,0.91,94.3
2024-05-04 11:10:00,0.0,0.2,16.7,68.4,1010.4,123.0,328.0,1.0,94.1
2024-05-04 11:20:00,0.5,0.0,16.7,68.8,1010.4,69.0,251.0,1.05,93.9
2024-05-04 11:30:00,0.2,0.0,16.7,68.8,1011.0,72.0,255.0,1.09,94.1
2024-05-04 11:40:00,0.0,0.0,16.7,69.0,1010.9,98.0,236.0,1.14,94.2
2024-05-04 11:50:00,1.6,0.2,16.6,69.2,1011.0,186.0,200.0,1.21,94.3
2024-05-04 12:00:00,0.5,0.0,16.9,70.4,1010.7,135.0,235.0,1.32,94.3
2024-05-04 12:10:00,0.2,0.2,16.6,72.0,1010.4,190.0,198.0,1.41,93.7
2024-05-04 12:20:00,0.6,0.0,16.6,72.6,1010.1,218.0,7.0,1.53,93.5
2024-05-04 12:30:00,0.2,0.2,16.6,74.0,1009.6,193.0,334.0,1.65,92.7
2024-05-04 12:40:00,0.9,0.0,16.7,74.8,1009.3,174.0,55.0,1.75,93.3
2024-05-04 12:50:00,0.2,0.0,16.5,74.8,1009.3,121.0,356.0,1.86,92.5
2024-05-04 13:00:00,0.9,0.0,16.6,75.0,1009.3,123.0,38.0,1.92,92.7
2024-05-04 13:10:00,0.3,0.2,16.8,75.4,1009.0,123.0,182.0,2.0,92.9
2024-05-04 13:20:00,0.5,0.4,16.8,80.2,1009.1,220.0,11.0,2.1,92.8
2024-05-04 13:30:00,0.0,0.2,17.0,81.6,1009.3,194.0,181.0,2.23,92.7
2024-05-04 13:40:00,0.6,0.2,16.9,82.6,1009.2,163.0,208.0,2.33,92.5
2024-05-04 13:50:00,0.5,0.0,17.0,83.4,1009.2,189.0,309.0,2.44,91.6
2024-05-04 14:00:00,0.9,0.0,17.0,84.0,1009.2,117.0,4.0,2.55,91.3
2024-05-04 14:10:00,0.0,0.0,17.1,84.6,1009.1,206.0,276.0,2.65,91.7
2024-05-04 14:20:00,0.0,0.0,17.3,85.0,1009.1,184.0,197.0,2.77,92.0
2024-05-04 14:30:00,0.2,0.0,17.1,85.2,1009.3,69.0,226.0,2.83,91.0
2024-05-04 14:40:00,1.3,0.0,17.1,85.2,1009.0,102.0,84.0,2.89,91.4
2024-05-04 14:50:00,2.3,0.0,16.9,85.2,1009.3,66.0,221.0,2.94,90.7
2024-05-04 15:00:00,0.4,0.0,16.9,85.4,1009.2,62.0,120.0,2.98,90.4
2024-05-04 15:10:00,0.4,0.0,16.7,85.4,1009.2,111.0,165.0,3.02,90.7
2024-05-04 15:20:00,0.0,0.0,16.9,85.4,1009.2,193.0,226.0,3.14,91.4
2024-05-04 15:30:00,0.5,0.0,17.2,85.4,1009.1,114.0,216.0,3.25,91.8
2024-05-04 15:40:00,0.0,0.2,17.0,85.6,1009.1,48.0,216.0,3.3,91.8
2024-05-04 15:50:00,0.8,0.2,16.8,86.0,1009.4,50.0,155.0,3.33,91.6
2024-05-04 16:00:00,0.0,0.0,16.6,87.4,1009.5,36.0,281.0,3.35,92.7
2024-05-04 16:10:00,1.3,0.0,16.6,88.4,1008.9,128.0,55.0,3.4,93.0
2024-05-04 16:20:00,0.0,0.2,16.7,89.0,1008.7,152.0,264.0,3.51,93.4
2024-05-04 16:30:00,0.3,0.0,16.6,89.2,1009.1,72.0,183.0,3.57,92.7
2024-05-04 16:40:00,0.3,0.0,16.5,89.2,1008.8,105.0,11.0,3.62,92.6
2024-05-04 16:50:00,0.2,0.0,16.7,89.2,1008.6,69.0,54.0,3.67,92.4
2024-05-04 17:00:00,0.9,0.0,16.7,89.4,1008.4,51.0,54.0,3.71,92.2
2024-05-04 17:10:00,0.0,0.0,16.7,89.4,1008.9,23.0,196.0,3.72,92.4
2024-05-04 17:20:00,0.8,0.0,16.7,89.4,1008.7,22.0,20.0,3.74,92.1
2024-05-04 17:30:00,0.3,0.0,16.6,89.4,1008.2,63.0,39.0,3.76,92.2
2024-05-04 17:40:00,0.9,0.0,16.8,89.4,1008.1,58.0,114.0,3.8,91.8
2024-05-04 17:50:00,0.9,0.0,16.7,89.4,1008.2,42.0,160.0,3.82,91.4
2024-05-04 18:00:00,0.85,0.0,16.7,89.5,1007.95,23.0,93.5,3.835,90.85
2024-05-04 18:10:00,0.8,0.0,16.7,89.6,1007.7,4.0,27.0,3.85,90.3
2024-05-04 18:20:00,0.3,0.0,16.7,89.6,1008.1,4.0,324.0,3.85,90.7
2024-05-04 18:30:00,0.6,0.0,16.8,89.6,1007.9,20.0,325.0,3.86,91.0
2024-05-04 18:40:00,0.3,0.0,16.8,89.6,1008.6,0.0,205.0,3.87,90.9
2024-05-04 18:50:00,0.0,0.0,16.7,89.6,1009.0,0.0,22.0,3.87,92.1
2024-05-04 19:00:00,0.4,0.0,16.8,89.6,1009.0,0.0,232.0,3.87,91.7
2024-05-04 19:10:00,0.3,0.0,16.7,89.6,1009.2,0.0,360.0,3.87,91.0
2024-05-04 19:20:00,0.0,0.0,16.8,89.6,1009.4,0.0,158.0,3.87,90.9
2024-05-04 19:30:00,0.0,0.0,16.8,89.6,1009.8,0.0,322.0,3.87,90.7
2024-05-04 19:40:00,0.0,0.0,16.8,89.6,1010.1,0.0,229.0,3.87,91.3
2024-05-04 19:50:00,0.0,0.0,16.7,89.8,1010.0,0.0,205.0,3.87,91.2
2024-05-04 20:00:00,0.0,0.0,16.8,89.8,1010.0,0.0,131.0,3.87,90.8
2024-05-04 20:10:00,0.0,0.0,16.8,89.8,1010.0,0.0,182.0,3.87,90.3
2024-05-04 20:20:00,0.0,0.0,16.9,89.8,1010.1,0.0,172.0,3.87,90.2
2024-05-04 20:30:00,0.0,0.0,16.9,89.8,1010.0,0.0,28.0,3.87,89.5
2024-05-04 20:40:00,0.0,0.0,16.9,89.8,1010.4,0.0,225.0,3.87,89.6
2024-05-04 20:50:00,0.9,0.0,16.9,89.8,1010.3,0.0,59.0,3.87,90.4
2024-05-04 21:00:00,0.0,0.0,16.8,89.8,1010.6,0.0,191.0,3.87,89.9
2024-05-04 21:10:00,0.0,0.0,16.7,89.8,1010.4,0.0,73.0,3.87,89.7
2024-05-04 21:20:00,0.2,0.0,16.9,89.8,1010.6,0.0,46.0,3.87,88.7
2024-05-04 21:30:00,0.6,0.0,16.9,89.8,1010.5,0.0,179.0,3.87,88.9
2024-05-04 21:40:00,0.0,0.0,16.9,89.8,1010.7,0.0,241.0,3.87,89.5
2024-05-04 21:50:00,0.0,0.0,16.8,89.8,1010.9,0.0,359.0,3.87,90.9
2024-05-04 22:00:00,0.8,0.0,16.7,89.8,1010.4,0.0,69.0,3.87,91.4
2024-05-04 22:10:00,0.0,0.0,16.7,89.8,1010.6,0.0,246.0,3.87,90.6
2024-05-04 22:20:00,0.0,0.0,16.7,89.8,1010.5,0.0,180.0,3.87,91.2
2024-05-04 22:30:00,0.0,0.0,16.7,89.8,1010.1,0.0,52.0,3.87,91.7
2024-05-04 22:40:00,0.0,0.0,16.7,89.8,1010.3,0.0,243.0,3.87,91.8
2024-05-04 22:50:00,0.0,0.0,16.6,90.0,1010.2,0.0,226.0,3.87,91.8
2024-05-04 23:00:00,0.3,0.0,16.6,90.0,1010.5,0.0,233.0,3.87,92.8
2024-05-04 23:10:00,0.5,0.0,16.6,90.0,1010.2,0.0,343.0,3.87,93.0
2024-05-04 23:20:00,0.5,0.0,16.6,90.0,1010.2,0.0,31.0,3.87,92.6
2024-05-04 23:30:00,0.0,0.0,16.4,90.0,1010.1,0.0,350.0,3.87,93.2
2024-05-04 23:40:00,0.0,0.0,16.2,90.0,1010.0,0.0,211.0,3.87,93.4
2024-05-04 23:50:00,0.0,0.0,16.2,90.0,1009.7,0.0,159.0,3.87,93.5
2024-05-05 00:00:00,0.0,0.0,16.25,45.0,1009.7,0.0,150.0,1.935,93.7
2024-05-05 00:10:00,0.0,0.0,16.3,0.0,1009.7,0.0,141.0,0.0,93.9
2024-05-05 00:20:00,0.0,0.0,16.2,0.0,1009.5,0.0,286.0,0.0,93.9
2024-05-05 00:30:00,0.0,0.0,16.3,0.0,1009.9,0.0,211.0,0.0,93.8
2024-05-05 00:40:00,0.0,0.0,16.3,0.2,1009.6,0.0,114.0,0.0,93.9
2024-05-05 00:50:00,0.0,0.0,16.2,0.2,1009.5,0.0,204.0,0.0,93.5
2024-05-05 01:00:00,0.0,0.0,16.4,0.2,1009.5,0.0,83.0,0.0,93.1
2024-05-05 01:10:00,0.0,0.0,16.3,0.2,1009.5,0.0,313.0,0.0,92.6
2024-05-05 01:20:00,0.0,0.0,16.4,0.2,1009.5,0.0,207.0,0.0,92.8
2024-05-05 01:30:00,0.0,0.0,16.4,0.2,1009.3,0.0,227.0,0.0,93.0
2024-05-05 01:40:00,0.0,0.0,16.4,0.2,1009.5,0.0,225.0,0.0,92.7
2024-05-05 01:50:00,0.0,0.0,16.4,0.2,1009.5,0.0,270.0,0.0,92.2
2024-05-05 02:00:00,0.0,0.0,16.5,0.2,1009.4,0.0,232.0,0.0,91.7
2024-05-05 02:10:00,0.0,0.0,16.5,0.2,1009.5,0.0,220.0,0.0,91.4
2024-05-05 02:20:00,0.0,0.0,16.6,0.2,1009.6,0.0,203.0,0.0,90.7
2024-05-05 02:30:00,0.0,0.0,16.4,0.4,1009.4,0.0,270.0,0.0,90.7
2024-05-05 02:40:00,0.0,0.0,16.6,0.4,1009.4,0.0,357.0,0.0,90.4
2024-05-05 02:50:00,0.2,0.0,16.5,0.4,1009.1,0.0,25.0,0.0,90.6
2024-05-05 03:00:00,0.0,0.0,16.4,0.4,1009.0,0.0,244.0,0.0,90.4
2024-05-05 03:10:00,0.0,0.0,16.4,0.4,1009.2,0.0,226.0,0.0,91.2
2024-05-05 03:20:00,0.0,0.0,16.4,0.4,1009.2,0.0,237.0,0.0,91.4
2024-05-05 03:30:00,0.6,0.0,16.4,0.4,1009.3,0.0,348.0,0.0,91.7
2024-05-05 03:40:00,0.5,0.0,16.5,0.4,1009.4,0.0,202.0,0.0,91.0
2024-05-05 03:50:00,0.2,0.0,16.4,0.4,1009.3,0.0,355.0,0.0,90.4
2024-05-05 04:00:00,0.2,0.0,16.5,0.4,1009.3,0.0,131.0,0.0,90.2
2024-05-05 04:10:00,0.0,0.0,16.4,0.4,1009.3,0.0,240.0,0.0,90.3
2024-05-05 04:20:00,0.0,0.0,16.4,0.4,1009.4,0.0,232.0,0.0,91.0
2024-05-05 04:30:00,0.0,0.0,16.3,0.4,1009.7,0.0,235.0,0.0,91.3
2024-05-05 04:40:00,0.3,0.0,16.3,0.4,1009.5,0.0,9.0,0.0,91.0
2024-05-05 04:50:00,0.0,0.0,16.3,0.4,1009.5,0.0,30.0,0.0,90.9
2024-05-05 05:00:00,0.0,0.0,16.3,0.6,1009.5,0.0,185.0,0.0,90.9
2024-05-05 05:10:00,0.2,0.0,16.4,0.6,1009.6,0.0,190.0,0.0,91.2
2024-05-05 05:20:00,0.0,0.0,16.3,0.6,1009.7,0.0,250.0,0.0,91.0
2024-05-05 05:30:00,0.0,0.0,16.2,0.6,1009.6,0.0,225.0,0.0,91.4
2024-05-05 05:40:00,0.0,0.0,16.2,0.6,1009.7,0.0,280.0,0.0,91.3
2024-05-05 05:50:00,0.0,0.0,16.2,0.6,1009.8,0.0,230.0,0.0,90.9
2024-05-05 06:00:00,0.0,0.0,16.15,0.6,1009.8,2.0,227.0,0.0,90.65
2024-05-05 06:10:00,0.0,0.0,16.1,0.6,1009.8,4.0,224.0,0.0,90.4
2024-05-05 06:20:00,0.0,0.0,16.1,0.6,1009.9,6.0,169.0,0.0,90.8
2024-05-05 06:30:00,0.0,0.0,16.1,0.6,1010.2,4.0,226.0,0.0,91.4
2024-05-05 06:40:00,0.0,0.0,16.3,0.6,1010.2,10.0,225.0,0.0,92.1
2024-05-05 06:50:00,0.0,0.0,16.3,0.6,1010.1,26.0,2.0,0.02,92.5
2024-05-05 07:00:00,0.2,0.0,16.2,0.6,1010.3,31.0,341.0,0.04,91.4
2024-05-05 07:10:00,0.0,0.0,16.3,0.6,1010.2,59.0,37.0,0.06,91.2
2024-05-05 07:20:00,0.0,0.0,16.5,0.6,1010.5,57.0,226.0,0.1,91.4
2024-05-05 07:30:00,0.0,0.0,16.5,0.6,1010.7,77.0,207.0,0.13,91.0
2024-05-05 07:40:00,1.1,0.0,16.6,0.6,1010.9,72.0,203.0,0.18,90.5
2024-05-05 07:50:00,0.6,0.0,16.8,0.6,1011.0,58.0,224.0,0.22,91.0
2024-05-05 08:00:00,0.0,0.0,16.8,0.6,1011.1,32.0,215.0,0.25,90.9
2024-05-05 08:10:00,0.0,0.0,16.7,0.6,1011.0,78.0,218.0,0.29,89.3
2024-05-05 08:20:00,0.0,0.0,16.9,0.6,1011.1,94.0,155.0,0.33,88.9
2024-05-05 08:30:00,0.0,0.0,17.0,0.8,1011.2,94.0,195.0,0.39,88.1
2024-05-05 08:40:00,0.3,0.0,17.0,0.8,1011.2,108.0,324.0,0.45,87.5
2024-05-05 08:50:00,0.0,0.0,17.2,0.8,1011.1,90.0,217.0,0.51,88.2
2024-05-05 09:00:00,0.0,0.0,17.2,0.8,1011.0,200.0,211.0,0.59,86.8
2024-05-05 09:10:00,0.0,0.0,17.3,0.8,1011.0,197.0,97.0,0.72,86.7
2024-05-05 09:20:00,0.0,0.0,17.5,0.8,1011.2,189.0,191.0,0.82,86.2
2024-05-05 09:30:00,0.0,0.0,17.4,0.8,1011.6,133.0,303.0,0.92,87.4
2024-05-05 09:40:00,0.5,0.0,17.4,0.8,1011.6,213.0,230.0,1.01,87.8
2024-05-05 09:50:00,0.9,0.0,17.9,0.8,1011.7,405.0,56.0,1.19,86.0
2024-05-05 10:00:00,0.0,0.0,18.2,0.8,1011.7,279.0,50.0,1.43,81.4
2024-05-05 10:10:00,0.6,0.0,18.2,0.8,1011.7,303.0,352.0,1.61,80.7
2024-05-05 10:20:00,1.0,0.0,18.6,0.8,1011.7,364.0,188.0,1.8,82.6
2024-05-05 10:30:00,1.4,0.0,18.9,0.8,1011.6,449.0,15.0,2.1,77.8
2024-05-05 10:40:00,0.8,0.0,18.6,0.8,1011.5,347.0,208.0,2.35,82.4
2024-05-05 10:50:00,1.2,0.0,18.6,0.8,1011.6,199.0,268.0,2.5,78.5
2024-05-05 11:00:00,0.9,0.0,18.7,0.8,1011.5,252.0,209.0,2.63,80.9
2024-05-05 11:10:00,0.5,0.0,19.2,0.8,1011.5,347.0,249.0,2.83,77.5
2024-05-05 11:20:00,0.9,0.0,19.6,0.8,1011.6,889.0,223.0,3.15,79.1
2024-05-05 11:30:00,0.6,0.0,19.9,0.8,1011.4,493.0,73.0,3.56,74.6
2024-05-05 11:40:00,1.4,0.0,20.0,0.8,1011.7,844.0,210.0,3.8,77.7
2024-05-05 11:50:00,0.8,0.0,20.3,0.8,1011.4,469.0,307.0,4.21,72.8
2024-05-05 12:00:00,1.1,0.0,20.6,0.8,1011.5,341.0,248.0,4.49,75.3
2024-05-05 12:10:00,1.1,0.0,20.5,0.8,1011.6,333.0,236.0,4.79,75.2
2024-05-05 12:20:00,1.1,0.0,20.2,0.8,1011.6,225.0,237.0,4.97,74.2
2024-05-05 12:30:00,1.4,0.0,20.2,0.8,1011.7,396.0,214.0,5.14,73.7
2024-05-05 12:40:00,3.2,0.0,19.7,0.8,1011.3,467.0,198.0,5.43,73.2
2024-05-05 12:50:00,2.8,0.0,19.9,0.8,1011.2,473.0,198.0,5.7,74.5
2024-05-05 13:00:00,2.0,0.0,20.0,0.8,1011.2,386.0,202.0,5.98,71.6
2024-05-05 13:10:00,3.4,0.0,20.0,0.8,1011.2,279.0,208.0,6.17,72.1
2024-05-05 13:20:00,1.4,0.0,20.0,0.8,1011.1,308.0,278.0,6.34,74.3
2024-05-05 13:30:00,1.4,0.0,20.8,0.8,1011.0,518.0,215.0,6.59,72.7
2024-05-05 13:40:00,2.7,0.0,20.5,0.8,1011.0,321.0,215.0,6.82,71.2
2024-05-05 13:50:00,1.6,0.0,20.4,0.8,1010.9,335.0,219.0,7.05,71.3
2024-05-05 14:00:00,2.7,0.0,20.6,0.8,1011.0,282.0,214.0,7.21,72.5
2024-05-05 14:10:00,1.7,0.0,20.5,0.8,1010.6,350.0,233.0,7.4,70.0
2024-05-05 14:20:00,1.2,0.0,20.8,0.8,1010.6,303.0,288.0,7.59,73.1
2024-05-05 14:30:00,2.5,0.0,21.6,0.8,1010.4,351.0,201.0,7.92,67.4
2024-05-05 14:40:00,1.2,0.0,21.5,0.8,1010.3,439.0,216.0,8.2,69.1
2024-05-05 14:50:00,1.6,0.0,21.7,0.8,1010.3,334.0,214.0,8.43,69.6
2024-05-05 15:00:00,0.4,0.0,21.4,0.8,1010.0,341.0,235.0,8.62,70.2
2024-05-05 15:10:00,3.1,0.0,21.1,0.8,1009.8,333.0,207.0,8.82,69.3
2024-05-05 15:20:00,0.9,0.0,21.4,0.8,1009.7,293.0,268.0,9.0,71.9
2024-05-05 15:30:00,1.3,0.0,22.0,0.8,1009.7,262.0,112.0,9.22,67.1
2024-05-05 15:40:00,1.3,0.0,22.1,0.8,1009.5,558.0,241.0,9.5,68.9
2024-05-05 15:50:00,1.7,0.0,22.0,0.8,1009.4,498.0,217.0,9.81,66.8
2024-05-05 16:00:00,0.9,0.0,22.6,0.8,1009.6,227.0,225.0,10.06,66.4
2024-05-05 16:10:00,4.2,0.0,22.1,0.8,1009.5,218.0,205.0,10.2,67.5
2024-05-05 16:20:00,1.7,0.0,21.9,0.8,1009.5,345.0,196.0,10.35,66.8
2024-05-05 16:30:00,2.4,0.0,21.8,0.8,1009.6,223.0,204.0,10.49,66.3
2024-05-05 16:40:00,1.6,0.0,21.6,0.8,1009.5,196.0,209.0,10.61,68.3
2024-05-05 16:50:00,1.0,0.0,22.4,0.8,1009.5,283.0,345.0,10.76,67.1
2024-05-05 17:00:00,0.5,0.0,23.0,0.8,1009.3,275.0,209.0,10.93,64.1
2024-05-05 17:10:00,1.7,0.0,22.3,0.8,1009.4,193.0,231.0,11.06,65.6
2024-05-05 17:20:00,0.5,0.0,22.3,0.8,1009.6,206.0,232.0,11.18,66.7
2024-05-05 17:30:00,2.3,0.0,22.4,0.8,1009.6,190.0,203.0,11.3,63.9
2024-05-05 17:40:00,0.0,0.0,22.3,0.8,1009.8,190.0,191.0,11.4,65.2
2024-05-05 17:50:00,2.5,0.0,22.1,0.8,1009.8,130.0,198.0,11.49,63.9
2024-05-05 18:00:00,1.85,0.0,21.75,0.8,1009.95,98.0,206.0,11.55,65.5
2024-05-05 18:10:00,1.2,0.0,21.4,0.8,1010.1,66.0,214.0,11.61,67.1
2024-05-05 18:20:00,0.8,0.0,21.2,0.8,1010.1,40.0,234.0,11.64,69.1
2024-05-05 18:30:00,0.2,0.0,21.0,0.8,1010.3,35.0,255.0,11.66,71.2
2024-05-05 18:40:00,4.0,0.0,21.0,0.8,1010.2,26.0,205.0,11.68,70.4
2024-05-05 18:50:00,1.8,0.0,20.9,0.8,1010.3,4.0,203.0,11.69,71.9
2024-05-05 19:00:00,0.0,0.0,20.9,0.8,1010.3,0.0,160.0,11.69,71.4
2024-05-05 19:10:00,0.0,0.0,20.2,0.8,1010.3,0.0,221.0,11.69,75.0
2024-05-05 19:20:00,0.0,0.0,20.1,0.8,1010.4,0.0,224.0,11.69,75.9
2024-05-05 19:30:00,1.1,0.0,19.8,0.8,1010.5,0.0,212.0,11.69,76.2
2024-05-05 19:40:00,1.1,0.0,20.1,0.8,1010.7,0.0,209.0,11.69,75.6
2024-05-05 19:50:00,0.0,0.0,19.6,0.8,1010.8,0.0,238.0,11.69,76.6
2024-05-05 20:00:00,0.0,0.0,19.4,0.8,1010.8,0.0,238.0,11.69,78.2
2024-05-05 20:10:00,1.2,0.0,19.0,0.8,1010.8,0.0,208.0,11.69,79.8
2024-05-05 20:20:00,0.2,0.0,18.4,0.8,1011.1,0.0,220.0,11.69,82.1
2024-05-05 20:30:00,0.0,0.0,18.4,0.8,1010.9,0.0,239.0,11.69,81.3
2024-05-05 20:40:00,0.0,0.0,18.4,0.8,1010.8,0.0,41.0,11.69,83.2
2024-05-05 20:50:00,0.0,0.0,18.0,0.8,1011.1,0.0,206.0,11.69,83.9
2024-05-05 21:00:00,0.0,0.0,17.9,0.8,1011.1,0.0,338.0,11.69,85.7
2024-05-05 21:10:00,0.0,0.0,17.8,0.8,1011.2,0.0,347.0,11.69,87.6
2024-05-05 21:20:00,0.0,0.0,17.6,0.8,1011.2,0.0,239.0,11.69,88.2
2024-05-05 21:30:00,0.0,0.0,17.6,0.8,1011.4,0.0,238.0,11.69,88.3
2024-05-05 21:40:00,0.0,0.0,17.3,0.8,1011.4,0.0,239.0,11.69,88.3
2024-05-05 21:50:00,0.0,0.0,17.3,0.8,1011.4,0.0,238.0,11.69,88.9
2024-05-05 22:00:00,0.0,0.0,17.3,0.8,1011.4,0.0,238.0,11.69,90.0
2024-05-05 22:10:00,0.0,0.0,17.3,0.8,1011.3,0.0,195.0,11.69,91.4
2024-05-05 22:20:00,0.0,0.0,17.1,0.8,1011.6,0.0,215.0,11.69,91.3
2024-05-05 22:30:00,0.0,0.0,17.1,0.8,1011.6,0.0,215.0,11.69,91.7
2024-05-05 22:40:00,0.0,0.0,17.0,0.8,1011.6,0.0,216.0,11.69,91.8
2024-05-05 22:50:00,0.0,0.0,17.1,0.8,1011.6,0.0,227.0,11.69,92.4
2024-05-05 23:00:00,0.0,0.0,17.0,0.8,1011.5,0.0,227.0,11.69,92.2
2024-05-05 23:10:00,0.0,0.0,17.0,0.8,1011.7,0.0,257.0,11.69,92.6
2024-05-05 23:20:00,0.0,0.0,17.0,0.8,1011.8,0.0,332.0,11.69,93.3
2024-05-05 23:30:00,0.0,0.0,17.0,0.8,1011.7,0.0,261.0,11.69,92.6
2024-05-05 23:40:00,0.3,0.0,17.0,0.8,1011.7,0.0,299.0,11.69,92.8
2024-05-05 23:50:00,0.0,0.0,17.0,0.8,1011.8,0.0,298.0,11.69,92.8
